state,district,financial_year,households_demanded,households_offered,households_availed,person_days_lakhs,expenditure_lakhs,avg_wage_rate,works_completed,lag_person_days,lag_expenditure,expenditure_per_personday,demand_fulfillment_rate,yoy_growth,district_avg_persondays
Maharashtra,Ahmednagar,2015,21845.0,20293.0,18680.0,7.355,1611.1,174,248.0,7.032,1377.49,219.048,0.8551,0.0459,7.032
Maharashtra,Ahmednagar,2016,22307.0,20293.0,19102.0,7.486,1769.86,183,142.0,7.355,1611.1,236.423,0.8563,0.0178,7.194
Maharashtra,Ahmednagar,2017,23927.0,23282.0,21231.0,8.168,2165.45,194,142.0,7.486,1769.86,265.114,0.8873,0.0911,7.291
Maharashtra,Ahmednagar,2018,22112.0,21065.0,18620.0,7.857,1945.9,203,232.0,8.168,2165.45,247.665,0.8421,-0.0381,7.51
Maharashtra,Ahmednagar,2019,29513.0,27825.0,25413.0,9.78,2659.32,213,207.0,7.857,1945.9,271.914,0.8611,0.2447,7.58
Maharashtra,Ahmednagar,2020,33653.0,31495.0,29614.0,11.651,3523.87,238,374.0,9.78,2659.32,302.452,0.88,0.1913,7.946
Maharashtra,Ahmednagar,2021,25389.0,31495.0,23654.0,8.923,2882.48,256,204.0,11.651,3523.87,323.039,0.9317,-0.2341,8.476
Maharashtra,Ahmednagar,2022,26469.0,24721.0,21770.0,9.454,3441.64,273,204.0,8.923,2882.48,364.041,0.8225,0.0595,8.532
Maharashtra,Ahmednagar,2023,23320.0,22203.0,20675.0,7.856,2763.86,289,204.0,9.454,3441.64,351.815,0.8866,-0.169,8.634
Maharashtra,Akola,2015,24981.0,23036.0,21177.0,8.787,1957.06,174,203.0,7.426,1634.24,222.722,0.8477,0.1833,7.426
Maharashtra,Akola,2016,22010.0,20339.0,18413.0,7.792,1846.3,183,227.0,8.787,1957.06,236.948,0.8366,-0.1132,8.107
Maharashtra,Akola,2017,25450.0,24597.0,22544.0,8.571,2314.44,194,178.0,7.792,1846.3,270.032,0.8858,0.1,8.002
Maharashtra,Akola,2018,25259.0,24515.0,22592.0,9.064,2336.89,203,240.0,8.571,2314.44,257.821,0.8944,0.0575,8.144
Maharashtra,Akola,2019,29739.0,28288.0,25863.0,10.094,2786.93,213,289.0,9.064,2336.89,276.098,0.8697,0.1136,8.328
Maharashtra,Akola,2020,33134.0,30756.0,25863.0,11.892,3989.67,238,355.0,10.094,2786.93,335.492,0.7806,0.1781,8.622
Maharashtra,Akola,2021,32791.0,31955.0,30182.0,10.865,3682.15,256,245.0,11.892,3989.67,338.9,0.9204,-0.0864,9.089
Maharashtra,Akola,2022,28655.0,27276.0,24499.0,9.55,3381.66,273,265.0,10.865,3682.15,354.101,0.855,-0.121,9.311
Maharashtra,Akola,2023,28768.0,27994.0,26447.0,9.626,3674.06,289,275.0,9.55,3381.66,381.681,0.9193,0.008,9.338
Maharashtra,Amravati,2015,38158.0,35381.0,33006.0,13.622,2974.97,174,459.0,13.518,2696.53,218.395,0.865,0.0077,13.518
Maharashtra,Amravati,2016,38158.0,35116.0,30974.0,12.797,3279.21,183,335.0,13.622,2974.97,256.248,0.8117,-0.0606,13.57
Maharashtra,Amravati,2017,38663.0,36887.0,34089.0,13.883,3761.08,194,384.0,12.797,3279.21,270.913,0.8817,0.0849,13.312
Maharashtra,Amravati,2018,34470.0,32512.0,30134.0,12.166,3221.76,203,223.0,13.883,3761.08,264.817,0.8742,-0.1237,13.455
Maharashtra,Amravati,2019,34470.0,32512.0,41836.0,16.135,4274.35,213,474.0,12.166,3221.76,264.912,1.0,0.3262,13.197
Maharashtra,Amravati,2020,61030.0,59431.0,52875.0,20.657,6845.64,238,452.0,16.135,4274.35,331.396,0.8664,0.2803,13.687
Maharashtra,Amravati,2021,46548.0,44032.0,52875.0,16.001,5622.3,256,374.0,20.657,6845.64,351.372,1.0,-0.2254,14.683
Maharashtra,Amravati,2022,47581.0,44032.0,41079.0,16.756,6386.27,273,348.0,16.001,5622.3,381.133,0.8633,0.0472,14.847
Maharashtra,Amravati,2023,43027.0,42573.0,40880.0,14.952,5883.64,289,495.0,16.756,6386.27,393.502,0.9501,-0.1077,15.059
Maharashtra,Aurangabad,2015,20851.0,19565.0,18866.0,7.045,1495.47,174,141.0,6.406,1343.44,212.274,0.9048,0.0998,6.406
Maharashtra,Aurangabad,2016,21967.0,20485.0,19131.0,7.836,1910.27,183,167.0,7.045,1495.47,243.781,0.8709,0.1123,6.726
Maharashtra,Aurangabad,2017,20085.0,19844.0,19131.0,6.768,1579.11,194,123.0,7.836,1910.27,233.32,0.9525,-0.1363,7.096
Maharashtra,Aurangabad,2018,23358.0,22597.0,20133.0,8.349,2147.22,203,248.0,6.768,1579.11,257.183,0.8619,0.2336,7.014
Maharashtra,Aurangabad,2019,20552.0,22597.0,18948.0,7.299,2033.85,213,147.0,8.349,2147.22,278.648,0.922,-0.1258,7.281
Maharashtra,Aurangabad,2020,30261.0,28875.0,27132.0,10.647,3412.02,238,243.0,7.299,2033.85,320.468,0.8966,0.4587,7.284
Maharashtra,Aurangabad,2021,24029.0,23040.0,21589.0,8.676,2656.25,256,176.0,10.647,3412.02,306.161,0.8985,-0.1851,7.764
Maharashtra,Aurangabad,2022,25628.0,24647.0,23759.0,8.494,3060.18,273,220.0,8.676,2656.25,360.275,0.9271,-0.021,7.878
Maharashtra,Aurangabad,2023,21779.0,24647.0,19286.0,7.869,2998.13,289,172.0,8.494,3060.18,381.005,0.8855,-0.0736,7.947
Maharashtra,Beed,2015,32763.0,32131.0,29587.0,11.164,2677.14,174,245.0,9.664,2209.08,239.801,0.9031,0.1552,9.664
Maharashtra,Beed,2016,29088.0,26975.0,23899.0,9.768,2587.32,183,200.0,11.164,2677.14,264.877,0.8216,-0.125,10.414
Maharashtra,Beed,2017,34840.0,32403.0,31200.0,12.247,3235.24,194,279.0,9.768,2587.32,264.166,0.8955,0.2538,10.199
Maharashtra,Beed,2018,31824.0,29325.0,25952.0,11.392,3153.27,203,215.0,12.247,3235.24,276.797,0.8155,-0.0698,10.711
Maharashtra,Beed,2019,36700.0,34775.0,31597.0,12.474,3797.93,213,410.0,11.392,3153.27,304.468,0.861,0.095,10.847
Maharashtra,Beed,2020,43929.0,40972.0,36928.0,15.833,5194.27,238,438.0,12.474,3797.93,328.066,0.8406,0.2693,11.118
Maharashtra,Beed,2021,39345.0,37226.0,34513.0,14.173,4894.12,256,455.0,15.833,5194.27,345.313,0.8772,-0.1048,11.792
Maharashtra,Beed,2022,38732.0,35902.0,34513.0,12.883,5307.46,273,455.0,14.173,4894.12,411.974,0.8911,-0.091,12.089
Maharashtra,Beed,2023,35649.0,35902.0,32683.0,12.01,4704.75,289,325.0,12.883,5307.46,391.736,0.9168,-0.0678,12.178
Maharashtra,Bhandara,2015,21778.0,21029.0,18623.0,7.538,1739.69,174,182.0,7.388,1648.99,230.789,0.8551,0.0203,7.388
Maharashtra,Bhandara,2016,22131.0,21422.0,19423.0,7.73,2031.75,183,259.0,7.538,1739.69,262.84,0.8776,0.0255,7.463
Maharashtra,Bhandara,2017,26104.0,21422.0,23903.0,9.161,2452.89,194,290.0,7.73,2031.75,267.754,0.9157,0.1851,7.552
Maharashtra,Bhandara,2018,24672.0,23195.0,21945.0,8.421,2213.96,203,290.0,9.161,2452.89,262.909,0.8895,-0.0808,7.954
Maharashtra,Bhandara,2019,26058.0,24146.0,22825.0,8.909,2415.31,213,290.0,8.421,2213.96,271.109,0.8759,0.058,8.048
Maharashtra,Bhandara,2020,26058.0,36530.0,34098.0,12.412,4149.77,238,290.0,8.909,2415.31,334.335,1.0,0.3932,8.191
Maharashtra,Bhandara,2021,26058.0,26081.0,23174.0,9.588,3370.76,256,200.0,12.412,4149.77,351.56,0.8893,-0.2275,8.794
Maharashtra,Bhandara,2022,29793.0,28381.0,26310.0,10.225,3911.59,273,200.0,9.588,3370.76,382.552,0.8831,0.0664,8.893
Maharashtra,Bhandara,2023,30199.0,29751.0,26501.0,10.339,3821.27,289,201.0,10.225,3911.59,369.598,0.8775,0.0111,9.041
Maharashtra,Buldhana,2015,30594.0,28926.0,26273.0,10.794,2384.23,174,221.0,10.289,2170.58,220.885,0.8588,0.0491,10.289
Maharashtra,Buldhana,2016,33434.0,31656.0,29936.0,11.616,2855.28,183,393.0,10.794,2384.23,245.806,0.8954,0.0762,10.542
Maharashtra,Buldhana,2017,32847.0,31084.0,30114.0,11.369,3030.37,194,388.0,11.616,2855.28,266.547,0.9168,-0.0213,10.9
Maharashtra,Buldhana,2018,36613.0,35316.0,31465.0,12.258,3358.75,203,388.0,11.369,3030.37,274.005,0.8594,0.0782,11.017
Maharashtra,Buldhana,2019,35986.0,35186.0,31899.0,12.484,3524.76,213,318.0,12.258,3358.75,282.342,0.8864,0.0184,11.265
Maharashtra,Buldhana,2020,52995.0,51653.0,31899.0,17.637,5986.11,238,581.0,12.484,3524.76,339.406,0.6019,0.4128,11.468
Maharashtra,Buldhana,2021,40849.0,37885.0,36745.0,13.692,4782.07,256,397.0,17.637,5986.11,349.26,0.8995,-0.2237,12.35
Maharashtra,Buldhana,2022,41001.0,37804.0,34086.0,13.671,4727.43,273,426.0,13.692,4782.07,345.8,0.8313,-0.0015,12.517
Maharashtra,Buldhana,2023,40465.0,39086.0,34522.0,13.476,4833.2,289,426.0,13.671,4727.43,358.652,0.8531,-0.0143,12.646
Maharashtra,Chandrapur,2015,36368.0,35235.0,33664.0,12.261,2811.25,174,262.0,10.167,2175.92,229.284,0.9256,0.206,10.167
Maharashtra,Chandrapur,2016,41004.0,40166.0,35907.0,14.0,3726.89,183,297.0,12.261,2811.25,266.206,0.8757,0.1418,11.214
Maharashtra,Chandrapur,2017,37978.0,40166.0,35106.0,12.874,3298.3,194,366.0,14.0,3726.89,256.199,0.9244,-0.0804,12.143
Maharashtra,Chandrapur,2018,43025.0,41720.0,37363.0,14.362,3871.57,203,303.0,12.874,3298.3,269.57,0.8684,0.1156,12.326
Maharashtra,Chandrapur,2019,38937.0,37959.0,35578.0,13.502,4091.69,213,276.0,14.362,3871.57,303.043,0.9137,-0.0599,12.733
Maharashtra,Chandrapur,2020,62585.0,60110.0,56682.0,22.018,7534.97,238,748.0,13.502,4091.69,342.219,0.9057,0.6307,12.861
Maharashtra,Chandrapur,2021,49617.0,47050.0,43411.0,17.128,5846.38,256,347.0,22.018,7534.97,341.335,0.8749,-0.2221,14.169
Maharashtra,Chandrapur,2022,43962.0,41761.0,39046.0,15.461,6057.09,273,386.0,17.128,5846.38,391.766,0.8882,-0.0973,14.539
Maharashtra,Chandrapur,2023,39870.0,38322.0,34816.0,14.136,5380.32,289,355.0,15.461,6057.09,380.611,0.8732,-0.0857,14.641
Maharashtra,Dhule,2015,23614.0,23026.0,21400.0,8.296,2042.41,174,254.0,8.784,2090.34,246.192,0.9062,-0.0556,8.784
Maharashtra,Dhule,2016,28674.0,27858.0,26737.0,9.894,2739.14,183,262.0,8.296,2042.41,276.849,0.9324,0.1926,8.54
Maharashtra,Dhule,2017,25400.0,23927.0,22859.0,8.542,2365.38,194,170.0,9.894,2739.14,276.912,0.9,-0.1366,8.991
Maharashtra,Dhule,2018,28426.0,26262.0,23773.0,9.524,2697.82,203,199.0,8.542,2365.38,283.265,0.8363,0.115,8.879
Maharashtra,Dhule,2019,30120.0,27741.0,26477.0,10.181,3252.49,213,247.0,9.524,2697.82,319.467,0.8791,0.069,9.008
Maharashtra,Dhule,2020,40961.0,38027.0,34712.0,14.022,5073.4,238,489.0,10.181,3252.49,361.817,0.8474,0.3773,9.204
Maharashtra,Dhule,2021,40961.0,30992.0,29240.0,11.252,4050.56,256,325.0,14.022,5073.4,359.986,0.7138,-0.1975,9.892
Maharashtra,Dhule,2022,28039.0,26826.0,24002.0,9.95,3698.87,273,320.0,11.252,4050.56,371.746,0.856,-0.1157,10.062
Maharashtra,Dhule,2023,31854.0,31176.0,30213.0,10.949,4293.42,289,280.0,9.95,3698.87,392.129,0.9485,0.1004,10.049
Maharashtra,Gadchiroli,2015,46688.0,43098.0,38829.0,15.553,3649.25,174,409.0,15.238,3413.8,234.633,0.8317,0.0207,15.238
Maharashtra,Gadchiroli,2016,53194.0,49251.0,44420.0,18.388,4898.3,183,530.0,15.553,3649.25,266.386,0.8351,0.1823,15.396
Maharashtra,Gadchiroli,2017,51014.0,49657.0,44420.0,17.355,4588.75,194,471.0,18.388,4898.3,264.405,0.8707,-0.0562,16.393
Maharashtra,Gadchiroli,2018,57791.0,55119.0,52317.0,19.358,5726.9,203,514.0,17.355,4588.75,295.842,0.9053,0.1154,16.634
Maharashtra,Gadchiroli,2019,55457.0,54321.0,52317.0,19.007,5622.1,213,513.0,19.358,5726.9,295.791,0.9434,-0.0181,17.178
Maharashtra,Gadchiroli,2020,72148.0,71009.0,66519.0,25.156,7940.04,238,597.0,19.007,5622.1,315.632,0.922,0.3235,17.483
Maharashtra,Gadchiroli,2021,64669.0,63693.0,58619.0,23.349,8078.19,256,657.0,25.156,7940.04,345.976,0.9064,-0.0718,18.579
Maharashtra,Gadchiroli,2022,57444.0,55675.0,52169.0,20.253,8197.32,273,578.0,23.349,8078.19,404.746,0.9082,-0.1326,19.176
Maharashtra,Gadchiroli,2023,64383.0,63303.0,59812.0,21.725,9285.84,289,578.0,20.253,8197.32,427.426,0.929,0.0727,19.295
Maharashtra,Gondia,2015,26938.0,25326.0,23959.0,8.913,2112.11,174,203.0,6.997,1502.61,236.97,0.8894,0.2738,6.997
Maharashtra,Gondia,2016,20086.0,19572.0,18085.0,7.241,1862.15,183,187.0,8.913,2112.11,257.168,0.9004,-0.1876,7.955
Maharashtra,Gondia,2017,21261.0,20741.0,18410.0,7.404,1904.77,194,234.0,7.241,1862.15,257.262,0.8659,0.0225,7.717
Maharashtra,Gondia,2018,21261.0,25392.0,23196.0,9.237,2311.4,203,183.0,7.404,1904.77,250.233,1.0,0.2476,7.639
Maharashtra,Gondia,2019,28029.0,27304.0,26154.0,9.499,2751.43,213,300.0,9.237,2311.4,289.655,0.9331,0.0284,7.958
Maharashtra,Gondia,2020,37071.0,35719.0,34191.0,13.123,3824.57,238,351.0,9.499,2751.43,291.44,0.9223,0.3815,8.215
Maharashtra,Gondia,2021,28310.0,26840.0,25782.0,10.217,3524.11,256,225.0,13.123,3824.57,344.926,0.9107,-0.2214,8.916
Maharashtra,Gondia,2022,23227.0,22756.0,20637.0,8.137,2959.68,273,201.0,10.217,3524.11,363.731,0.8885,-0.2036,9.079
Maharashtra,Gondia,2023,28224.0,26336.0,23376.0,9.419,3502.59,289,284.0,8.137,2959.68,371.864,0.8282,0.1576,8.974
Maharashtra,Hingoli,2015,24712.0,24318.0,22487.0,8.622,1976.89,174,208.0,9.718,2075.47,229.284,0.91,-0.1128,9.718
Maharashtra,Hingoli,2016,26059.0,24006.0,22104.0,9.253,2396.16,183,220.0,8.622,1976.89,258.96,0.8482,0.0732,9.17
Maharashtra,Hingoli,2017,30518.0,29682.0,27564.0,10.12,2644.6,194,336.0,9.253,2396.16,261.324,0.9032,0.0937,9.198
Maharashtra,Hingoli,2018,27344.0,26896.0,24950.0,9.599,2798.08,203,269.0,10.12,2644.6,291.497,0.9124,-0.0515,9.428
Maharashtra,Hingoli,2019,33146.0,31054.0,28228.0,11.663,3283.93,213,383.0,9.599,2798.08,281.568,0.8516,0.215,9.462
Maharashtra,Hingoli,2020,47247.0,46086.0,43806.0,16.231,5318.99,238,423.0,11.663,3283.93,327.706,0.9272,0.3917,9.829
Maharashtra,Hingoli,2021,41834.0,40872.0,43806.0,14.226,5261.82,256,300.0,16.231,5318.99,369.873,1.0,-0.1235,10.744
Maharashtra,Hingoli,2022,35303.0,34092.0,32932.0,12.654,4806.42,273,320.0,14.226,5261.82,379.834,0.9328,-0.1105,11.179
Maharashtra,Hingoli,2023,37867.0,35110.0,31026.0,12.557,4860.87,289,240.0,12.654,4806.42,387.104,0.8193,-0.0077,11.343
Maharashtra,Jalgaon,2015,21067.0,19686.0,17858.0,7.149,1591.57,174,179.0,5.887,1171.23,222.628,0.8477,0.2144,5.887
Maharashtra,Jalgaon,2016,18994.0,18621.0,16388.0,6.801,1618.31,183,179.0,7.149,1591.57,237.952,0.8628,-0.0487,6.518
Maharashtra,Jalgaon,2017,18009.0,17552.0,16774.0,6.261,1524.43,194,147.0,6.801,1618.31,243.48,0.9314,-0.0794,6.612
Maharashtra,Jalgaon,2018,18009.0,17389.0,15659.0,6.219,1600.59,203,210.0,6.261,1524.43,257.371,0.8695,-0.0067,6.524
Maharashtra,Jalgaon,2019,20623.0,20000.0,17870.0,7.15,1852.49,213,210.0,6.219,1600.59,259.09,0.8665,0.1497,6.463
Maharashtra,Jalgaon,2020,20623.0,28230.0,24921.0,10.939,3196.81,238,312.0,7.15,1852.49,292.24,1.0,0.5299,6.578
Maharashtra,Jalgaon,2021,20623.0,26609.0,25450.0,9.503,2940.28,256,308.0,10.939,3196.81,309.405,1.0,-0.1313,7.201
Maharashtra,Jalgaon,2022,25714.0,25048.0,23970.0,9.164,3137.37,273,308.0,9.503,2940.28,342.358,0.9322,-0.0357,7.489
Maharashtra,Jalgaon,2023,21692.0,21451.0,19574.0,7.424,2908.62,289,173.0,9.164,3137.37,391.786,0.9024,-0.1899,7.675
Maharashtra,Jalna,2015,25775.0,23747.0,21251.0,9.03,2190.31,174,271.0,8.703,1856.6,242.559,0.8245,0.0376,8.703
Maharashtra,Jalna,2016,28771.0,28261.0,26380.0,10.107,2368.62,183,206.0,9.03,2190.31,234.354,0.9169,0.1193,8.866
Maharashtra,Jalna,2017,24147.0,23072.0,22362.0,8.597,2097.4,194,157.0,10.107,2368.62,243.969,0.9261,-0.1494,9.28
Maharashtra,Jalna,2018,32183.0,29894.0,28720.0,11.033,3187.83,203,299.0,8.597,2097.4,288.936,0.8924,0.2834,9.109
Maharashtra,Jalna,2019,26962.0,24900.0,23244.0,9.51,2658.77,213,278.0,11.033,3187.83,279.576,0.8621,-0.138,9.494
Maharashtra,Jalna,2020,34413.0,24900.0,29811.0,12.433,4207.95,238,277.0,9.51,2658.77,338.45,0.8663,0.3074,9.497
Maharashtra,Jalna,2021,32184.0,30501.0,28701.0,11.064,3948.65,256,305.0,12.433,4207.95,356.892,0.8918,-0.1101,9.916
Maharashtra,Jalna,2022,32275.0,30640.0,28382.0,10.68,3671.2,273,336.0,11.064,3948.65,343.745,0.8794,-0.0347,10.06
Maharashtra,Jalna,2023,30919.0,28649.0,27505.0,10.771,4144.82,289,318.0,10.68,3671.2,384.813,0.8896,0.0085,10.129
Maharashtra,Kolhapur,2015,14797.0,14372.0,13783.0,5.126,1069.31,174,137.0,5.371,1114.38,208.605,0.9315,-0.0456,5.371
Maharashtra,Kolhapur,2016,18291.0,17830.0,16604.0,6.189,1304.71,183,137.0,5.126,1069.31,210.811,0.9078,0.2074,5.248
Maharashtra,Kolhapur,2017,16589.0,15377.0,13814.0,5.58,1365.07,194,102.0,6.189,1304.71,244.636,0.8327,-0.0984,5.562
Maharashtra,Kolhapur,2018,20113.0,19516.0,18733.0,7.027,1713.9,203,164.0,5.58,1365.07,243.902,0.9314,0.2593,5.566
Maharashtra,Kolhapur,2019,23207.0,22015.0,20565.0,7.959,2193.3,213,164.0,7.027,1713.9,275.575,0.8862,0.1326,5.859
Maharashtra,Kolhapur,2020,27369.0,25934.0,20565.0,9.562,2644.26,238,283.0,7.959,2193.3,276.538,0.7514,0.2014,6.209
Maharashtra,Kolhapur,2021,19386.0,18165.0,16146.0,6.431,2079.06,256,212.0,9.562,2644.26,323.287,0.8329,-0.3274,6.688
Maharashtra,Kolhapur,2022,18274.0,17049.0,15804.0,6.489,2150.78,273,145.0,6.431,2079.06,331.45,0.8648,0.009,6.656
Maharashtra,Kolhapur,2023,18274.0,19474.0,18280.0,6.827,2404.49,289,145.0,6.489,2150.78,352.203,1.0,0.0521,6.637
Maharashtra,Latur,2015,26016.0,24065.0,21475.0,8.632,2057.54,174,236.0,8.832,2128.59,238.362,0.8255,-0.0226,8.832
Maharashtra,Latur,2016,23564.0,22696.0,21080.0,7.892,1938.94,183,176.0,8.632,2057.54,245.684,0.8946,-0.0857,8.732
Maharashtra,Latur,2017,28870.0,27741.0,26247.0,9.664,2565.29,194,234.0,7.892,1938.94,265.448,0.9091,0.2245,8.452
Maharashtra,Latur,2018,31657.0,30835.0,27708.0,10.684,3243.46,203,214.0,9.664,2565.29,303.581,0.8753,0.1055,8.755
Maharashtra,Latur,2019,29981.0,28137.0,26904.0,10.748,3079.63,213,269.0,10.684,3243.46,286.531,0.8974,0.006,9.141
Maharashtra,Latur,2020,44300.0,42958.0,41094.0,15.666,5526.97,238,372.0,10.748,3079.63,352.8,0.9276,0.4576,9.409
Maharashtra,Latur,2021,36608.0,34306.0,30687.0,12.942,4954.06,256,428.0,15.666,5526.97,382.789,0.8383,-0.1739,10.303
Maharashtra,Latur,2022,31842.0,30388.0,28190.0,10.982,4244.42,273,278.0,12.942,4954.06,386.489,0.8853,-0.1514,10.632
Maharashtra,Latur,2023,31573.0,31151.0,28764.0,11.292,4887.75,289,234.0,10.982,4244.42,432.851,0.911,0.0282,10.671
Maharashtra,Mumbai City,2015,1117.0,1063.0,973.0,0.382,75.94,174,8.0,0.354,61.7,198.796,0.8711,0.0791,0.354
Maharashtra,Mumbai City,2016,871.0,846.0,780.0,0.293,57.87,183,8.0,0.382,75.94,197.509,0.8955,-0.233,0.368
Maharashtra,Mumbai City,2017,969.0,914.0,869.0,0.349,78.28,194,10.0,0.293,57.87,224.298,0.8968,0.1911,0.343
Maharashtra,Mumbai City,2018,1159.0,1141.0,1049.0,0.411,96.76,203,7.0,0.349,78.28,235.426,0.9051,0.1777,0.344
Maharashtra,Mumbai City,2019,1077.0,995.0,916.0,0.38,87.17,213,7.0,0.411,96.76,229.395,0.8505,-0.0754,0.358
Maharashtra,Mumbai City,2020,1650.0,995.0,1475.0,0.576,160.63,238,14.0,0.38,87.17,278.872,0.8939,0.5158,0.362
Maharashtra,Mumbai City,2021,1361.0,1297.0,1252.0,0.466,132.62,256,14.0,0.576,160.63,284.592,0.9199,-0.191,0.392
Maharashtra,Mumbai City,2022,1361.0,1274.0,1172.0,0.463,151.42,273,14.0,0.466,132.62,327.041,0.8611,-0.0064,0.401
Maharashtra,Mumbai City,2023,1307.0,1262.0,1144.0,0.45,157.14,289,10.0,0.463,151.42,349.2,0.8753,-0.0281,0.408
Maharashtra,Mumbai Suburban,2015,3350.0,3162.0,2898.0,1.142,231.87,174,23.0,1.114,212.56,203.039,0.8651,0.0251,1.114
Maharashtra,Mumbai Suburban,2016,3321.0,3207.0,3013.0,1.13,226.98,183,26.0,1.142,231.87,200.867,0.9073,-0.0105,1.128
Maharashtra,Mumbai Suburban,2017,3725.0,3651.0,3293.0,1.255,293.19,194,25.0,1.13,226.98,233.618,0.884,0.1106,1.129
Maharashtra,Mumbai Suburban,2018,3725.0,3096.0,2912.0,1.177,297.24,203,25.0,1.255,293.19,252.54,0.7817,-0.0622,1.16
Maharashtra,Mumbai Suburban,2019,3874.0,3822.0,3573.0,1.314,318.07,213,37.0,1.177,297.24,242.062,0.9223,0.1164,1.164
Maharashtra,Mumbai Suburban,2020,5639.0,5345.0,5033.0,1.867,487.96,238,46.0,1.314,318.07,261.36,0.8925,0.4209,1.189
Maharashtra,Mumbai Suburban,2021,4209.0,4003.0,3859.0,1.44,455.14,256,33.0,1.867,487.96,316.069,0.9168,-0.2287,1.286
Maharashtra,Mumbai Suburban,2022,4209.0,3931.0,3577.0,1.41,436.64,273,47.0,1.44,455.14,309.674,0.8498,-0.0208,1.305
Maharashtra,Mumbai Suburban,2023,4209.0,3968.0,3577.0,1.345,474.32,289,41.0,1.41,436.64,352.654,0.8498,-0.0461,1.317
Maharashtra,Nagpur,2015,18650.0,17443.0,16630.0,6.496,1583.18,174,135.0,6.968,1460.78,243.716,0.8917,-0.0677,6.968
Maharashtra,Nagpur,2016,18286.0,17843.0,17049.0,6.413,1485.5,183,199.0,6.496,1583.18,231.639,0.9324,-0.0128,6.732
Maharashtra,Nagpur,2017,17570.0,17392.0,15606.0,6.131,1509.09,194,199.0,6.413,1485.5,246.141,0.8882,-0.044,6.626
Maharashtra,Nagpur,2018,25202.0,24916.0,22082.0,8.377,2152.34,203,263.0,6.131,1509.09,256.934,0.8762,0.3663,6.502
Maharashtra,Nagpur,2019,22116.0,21373.0,19023.0,7.382,2194.05,213,155.0,8.377,2152.34,297.216,0.8601,-0.1188,6.877
Maharashtra,Nagpur,2020,28949.0,27647.0,26036.0,9.953,3226.06,238,347.0,7.382,2194.05,324.129,0.8994,0.3483,6.961
Maharashtra,Nagpur,2021,25431.0,27647.0,23899.0,9.121,3034.14,256,347.0,9.953,3226.06,332.654,0.9398,-0.0836,7.389
Maharashtra,Nagpur,2022,22299.0,21564.0,19662.0,8.031,3040.93,273,258.0,9.121,3034.14,378.649,0.8817,-0.1195,7.605
Maharashtra,Nagpur,2023,20510.0,19330.0,18313.0,7.139,2867.17,289,188.0,8.031,3040.93,401.621,0.8929,-0.1111,7.652
Maharashtra,Nanded,2015,23729.0,21831.0,20068.0,8.545,2114.99,174,230.0,8.524,1799.89,247.512,0.8457,0.0025,8.524
Maharashtra,Nanded,2016,27433.0,25560.0,22830.0,9.207,2424.52,183,294.0,8.545,2114.99,263.334,0.8322,0.0775,8.534
Maharashtra,Nanded,2017,28332.0,26249.0,24031.0,9.512,2611.88,194,212.0,9.207,2424.52,274.588,0.8482,0.0331,8.759
Maharashtra,Nanded,2018,29614.0,28800.0,26548.0,10.227,2791.24,203,222.0,9.512,2611.88,272.929,0.8965,0.0752,8.947
Maharashtra,Nanded,2019,30505.0,28318.0,25138.0,10.303,2869.92,213,216.0,10.227,2791.24,278.552,0.8241,0.0074,9.203
Maharashtra,Nanded,2020,45477.0,44991.0,40147.0,15.857,5280.8,238,406.0,10.303,2869.92,333.026,0.8828,0.5391,9.386
Maharashtra,Nanded,2021,36923.0,36490.0,34977.0,12.335,4139.28,256,268.0,15.857,5280.8,335.572,0.9473,-0.2221,10.311
Maharashtra,Nanded,2022,31046.0,30159.0,28077.0,10.935,4118.42,273,350.0,12.335,4139.28,376.627,0.9044,-0.1135,10.564
Maharashtra,Nanded,2023,34364.0,30159.0,29643.0,12.405,4901.67,289,278.0,10.935,4118.42,395.137,0.8626,0.1344,10.605
Maharashtra,Nandurbar,2015,15290.0,14670.0,13802.0,5.373,1236.67,174,103.0,4.586,1029.51,230.164,0.9027,0.1716,4.586
Maharashtra,Nandurbar,2016,14458.0,13955.0,12496.0,4.822,1310.73,183,103.0,5.373,1236.67,271.823,0.8643,-0.1025,4.98
Maharashtra,Nandurbar,2017,17750.0,16403.0,14752.0,5.899,1631.08,194,125.0,4.822,1310.73,276.501,0.8311,0.2234,4.927
Maharashtra,Nandurbar,2018,15292.0,14174.0,14752.0,5.424,1533.98,203,113.0,5.899,1631.08,282.813,0.9647,-0.0805,5.17
Maharashtra,Nandurbar,2019,18075.0,17034.0,15542.0,6.046,1700.97,213,145.0,5.424,1533.98,281.338,0.8599,0.1147,5.221
Maharashtra,Nandurbar,2020,25101.0,23453.0,22513.0,8.585,3050.95,238,169.0,6.046,1700.97,355.381,0.8969,0.4199,5.358
Maharashtra,Nandurbar,2021,17567.0,16923.0,15078.0,6.289,2379.31,256,169.0,8.585,3050.95,378.329,0.8583,-0.2674,5.819
Maharashtra,Nandurbar,2022,20184.0,19977.0,17659.0,6.956,2637.8,273,163.0,6.289,2379.31,379.212,0.8749,0.1061,5.878
Maharashtra,Nandurbar,2023,17522.0,17109.0,15318.0,6.011,2610.75,289,159.0,6.956,2637.8,434.329,0.8742,-0.1359,5.998
Maharashtra,Nashik,2015,21189.0,20367.0,18580.0,7.084,1521.1,174,129.0,6.072,1198.69,214.723,0.8769,0.1667,6.072
Maharashtra,Nashik,2016,21189.0,19444.0,17795.0,6.563,1465.42,183,168.0,7.084,1521.1,223.285,0.8398,-0.0735,6.578
Maharashtra,Nashik,2017,21189.0,20793.0,19335.0,7.461,1763.92,194,178.0,6.563,1465.42,236.419,0.9125,0.1368,6.573
Maharashtra,Nashik,2018,19741.0,18391.0,17380.0,7.081,1768.87,203,153.0,7.461,1763.92,249.805,0.8804,-0.0509,6.795
Maharashtra,Nashik,2019,21390.0,20064.0,19149.0,7.222,2037.84,213,203.0,7.081,1768.87,282.171,0.8952,0.0199,6.852
Maharashtra,Nashik,2020,21390.0,29364.0,26877.0,10.723,3379.33,238,298.0,7.222,2037.84,315.148,1.0,0.4848,6.914
Maharashtra,Nashik,2021,23667.0,22900.0,21311.0,8.534,2549.84,256,261.0,10.723,3379.33,298.786,0.9005,-0.2041,7.458
Maharashtra,Nashik,2022,23667.0,22900.0,16075.0,6.623,2350.91,273,156.0,8.534,2549.84,354.961,0.6792,-0.2239,7.592
Maharashtra,Nashik,2023,21905.0,21019.0,19008.0,7.656,2634.15,289,238.0,6.623,2350.91,344.063,0.8677,0.156,7.485
Maharashtra,Osmanabad,2015,26886.0,25439.0,22617.0,8.979,2362.91,174,235.0,7.739,1907.56,263.16,0.8412,0.1602,7.739
Maharashtra,Osmanabad,2016,26886.0,28125.0,25825.0,9.671,2518.22,183,242.0,8.979,2362.91,260.389,0.9605,0.0771,8.359
Maharashtra,Osmanabad,2017,27717.0,27124.0,24563.0,9.325,2549.9,194,306.0,9.671,2518.22,273.448,0.8862,-0.0358,8.796
Maharashtra,Osmanabad,2018,30590.0,29135.0,27448.0,10.548,2957.01,203,309.0,9.325,2549.9,280.338,0.8973,0.1312,8.928
Maharashtra,Osmanabad,2019,32822.0,30288.0,27912.0,11.218,3473.58,213,242.0,10.548,2957.01,309.643,0.8504,0.0635,9.252
Maharashtra,Osmanabad,2020,43261.0,40842.0,36296.0,15.381,5637.41,238,382.0,11.218,3473.58,366.518,0.839,0.3711,9.58
Maharashtra,Osmanabad,2021,39889.0,36923.0,34657.0,13.21,5156.05,256,380.0,15.381,5637.41,390.314,0.8688,-0.1411,10.409
Maharashtra,Osmanabad,2022,31966.0,29489.0,27369.0,11.113,4700.53,273,381.0,13.21,5156.05,422.976,0.8562,-0.1587,10.759
Maharashtra,Osmanabad,2023,34857.0,32804.0,31533.0,11.82,4635.57,289,400.0,11.113,4700.53,392.18,0.9046,0.0636,10.798
Maharashtra,Palghar,2015,15169.0,14377.0,13227.0,5.208,1134.42,174,179.0,4.639,953.69,217.823,0.872,0.1227,4.639
Maharashtra,Palghar,2016,16464.0,15476.0,14962.0,5.853,1347.03,183,191.0,5.208,1134.42,230.144,0.9088,0.1238,4.924
Maharashtra,Palghar,2017,18136.0,15476.0,17131.0,6.083,1671.11,194,122.0,5.853,1347.03,274.718,0.9446,0.0393,5.233
Maharashtra,Palghar,2018,17885.0,17134.0,16464.0,6.153,1775.45,203,184.0,6.083,1671.11,288.55,0.9205,0.0115,5.446
Maharashtra,Palghar,2019,14519.0,13750.0,12547.0,5.036,1408.4,213,98.0,6.153,1775.45,279.666,0.8642,-0.1815,5.587
Maharashtra,Palghar,2020,23860.0,22696.0,21873.0,8.038,2590.89,238,149.0,5.036,1408.4,322.33,0.9167,0.5961,5.495
Maharashtra,Palghar,2021,20941.0,20696.0,18619.0,7.433,2542.71,256,252.0,8.038,2590.89,342.084,0.8891,-0.0753,5.859
Maharashtra,Palghar,2022,16807.0,15520.0,13872.0,5.949,2032.94,273,126.0,7.433,2542.71,341.728,0.8254,-0.1997,6.055
Maharashtra,Palghar,2023,20407.0,19541.0,18297.0,6.795,2509.09,289,214.0,5.949,2032.94,369.255,0.8966,0.1422,6.044
Maharashtra,Parbhani,2015,27547.0,26072.0,24751.0,9.146,2222.76,174,193.0,9.335,1980.06,243.031,0.8985,-0.0202,9.335
Maharashtra,Parbhani,2016,28168.0,26072.0,24751.0,9.597,2346.63,183,290.0,9.146,2222.76,244.517,0.8787,0.0493,9.24
Maharashtra,Parbhani,2017,28579.0,26668.0,23725.0,9.496,2557.79,194,254.0,9.597,2346.63,269.354,0.8302,-0.0105,9.359
Maharashtra,Parbhani,2018,27181.0,26899.0,24848.0,9.445,2654.6,203,237.0,9.496,2557.79,281.059,0.9142,-0.0054,9.394
Maharashtra,Parbhani,2019,29854.0,27942.0,26192.0,10.227,2835.17,213,354.0,9.445,2654.6,277.224,0.8773,0.0828,9.404
Maharashtra,Parbhani,2020,45698.0,43563.0,26192.0,15.237,5263.96,238,442.0,10.227,2835.17,345.472,0.5732,0.4899,9.541
Maharashtra,Parbhani,2021,45698.0,30750.0,29429.0,11.085,4013.51,256,265.0,15.237,5263.96,362.067,0.644,-0.2725,10.355
Maharashtra,Parbhani,2022,31491.0,31089.0,28396.0,10.711,4018.8,273,340.0,11.085,4013.51,375.203,0.9017,-0.0337,10.446
Maharashtra,Parbhani,2023,30424.0,28969.0,26054.0,10.289,4271.63,289,208.0,10.711,4018.8,415.165,0.8564,-0.0394,10.475
Maharashtra,Pune,2015,9517.0,8887.0,8053.0,3.394,714.53,174,76.0,3.851,727.74,210.527,0.8462,-0.1187,3.851
Maharashtra,Pune,2016,11660.0,10870.0,8053.0,3.953,868.98,183,81.0,3.394,714.53,219.828,0.6907,0.1647,3.622
Maharashtra,Pune,2017,11490.0,10673.0,9920.0,4.04,971.38,194,77.0,3.953,868.98,240.441,0.8634,0.022,3.733
Maharashtra,Pune,2018,11506.0,11187.0,10665.0,3.875,940.98,203,123.0,4.04,971.38,242.834,0.9269,-0.0408,3.81
Maharashtra,Pune,2019,11506.0,11237.0,10361.0,4.217,1065.89,213,93.0,3.875,940.98,252.76,0.9005,0.0883,3.823
Maharashtra,Pune,2020,17278.0,16225.0,14469.0,6.072,1726.1,238,140.0,4.217,1065.89,284.272,0.8374,0.4399,3.888
Maharashtra,Pune,2021,12248.0,11922.0,11489.0,4.335,1336.76,256,125.0,6.072,1726.1,308.364,0.938,-0.2861,4.2
Maharashtra,Pune,2022,12087.0,11639.0,11174.0,3.994,1388.97,273,125.0,4.335,1336.76,347.764,0.9245,-0.0787,4.217
Maharashtra,Pune,2023,13584.0,12512.0,11174.0,4.879,1697.33,289,121.0,3.994,1388.97,347.885,0.8226,0.2216,4.192
Maharashtra,Raigad,2015,11524.0,11306.0,10854.0,3.81,827.78,174,94.0,4.168,832.43,217.265,0.9419,-0.0859,4.168
Maharashtra,Raigad,2016,12811.0,12628.0,11504.0,4.384,1036.66,183,100.0,3.81,827.78,236.464,0.898,0.1507,3.989
Maharashtra,Raigad,2017,13189.0,12187.0,11765.0,4.686,1149.71,194,150.0,4.384,1036.66,245.35,0.892,0.0689,4.121
Maharashtra,Raigad,2018,12911.0,12036.0,11471.0,4.589,1154.94,203,153.0,4.686,1149.71,251.676,0.8885,-0.0207,4.262
Maharashtra,Raigad,2019,14970.0,14625.0,11471.0,5.089,1346.24,213,175.0,4.589,1154.94,264.539,0.7663,0.109,4.327
Maharashtra,Raigad,2020,20246.0,19239.0,11471.0,7.039,2230.71,238,219.0,5.089,1346.24,316.907,0.5666,0.3832,4.454
Maharashtra,Raigad,2021,17166.0,16048.0,14128.0,5.755,1907.57,256,200.0,7.039,2230.71,331.463,0.823,-0.1824,4.824
Maharashtra,Raigad,2022,15238.0,14572.0,13885.0,5.408,1783.83,273,133.0,5.755,1907.57,329.85,0.9112,-0.0603,4.94
Maharashtra,Raigad,2023,13148.0,12269.0,11012.0,4.596,1681.36,289,120.0,5.408,1783.83,365.831,0.8375,-0.1501,4.992
Maharashtra,Ratnagiri,2015,14231.0,11962.0,13099.0,5.033,1046.05,174,130.0,4.214,853.39,207.838,0.9205,0.1944,4.214
Maharashtra,Ratnagiri,2016,12812.0,12203.0,11056.0,4.556,1099.22,183,152.0,5.033,1046.05,241.269,0.8629,-0.0948,4.624
Maharashtra,Ratnagiri,2017,14405.0,13529.0,12215.0,5.085,1184.83,194,173.0,4.556,1099.22,233.005,0.848,0.1161,4.601
Maharashtra,Ratnagiri,2018,16100.0,15766.0,14440.0,5.705,1370.53,203,118.0,5.085,1184.83,240.233,0.8969,0.1219,4.722
Maharashtra,Ratnagiri,2019,16100.0,16079.0,15477.0,5.794,1638.89,213,187.0,5.705,1370.53,282.86,0.9613,0.0156,4.919
Maharashtra,Ratnagiri,2020,24607.0,24132.0,21900.0,8.863,2714.53,238,274.0,5.794,1638.89,306.277,0.89,0.5297,5.064
Maharashtra,Ratnagiri,2021,19569.0,19289.0,21900.0,6.592,2118.61,256,216.0,8.863,2714.53,321.391,1.0,-0.2562,5.607
Maharashtra,Ratnagiri,2022,17647.0,17248.0,16341.0,5.964,1999.66,273,119.0,6.592,2118.61,335.288,0.926,-0.0953,5.73
Maharashtra,Ratnagiri,2023,15402.0,17248.0,13719.0,5.32,1917.45,289,119.0,5.964,1999.66,360.423,0.8907,-0.108,5.756
Maharashtra,Sangli,2015,18123.0,17588.0,16930.0,6.009,1395.57,174,144.0,5.329,1082.63,232.247,0.9342,0.1276,5.329
Maharashtra,Sangli,2016,17145.0,17588.0,15065.0,5.937,1341.43,183,195.0,6.009,1395.57,225.944,0.8787,-0.012,5.669
Maharashtra,Sangli,2017,18704.0,17588.0,17144.0,6.297,1608.98,194,145.0,5.937,1341.43,255.515,0.9166,0.0606,5.758
Maharashtra,Sangli,2018,18241.0,17555.0,17144.0,6.397,1698.01,203,117.0,6.297,1608.98,265.438,0.9399,0.0159,5.893
Maharashtra,Sangli,2019,18021.0,17290.0,15986.0,6.108,1525.0,213,146.0,6.397,1698.01,249.673,0.8871,-0.0452,5.994
Maharashtra,Sangli,2020,25135.0,23821.0,22988.0,9.07,2528.62,238,278.0,6.108,1525.0,278.789,0.9146,0.4849,6.013
Maharashtra,Sangli,2021,23077.0,22436.0,22988.0,7.715,2370.69,256,208.0,9.07,2528.62,307.283,0.9961,-0.1494,6.45
Maharashtra,Sangli,2022,19559.0,18310.0,16157.0,6.917,2511.9,273,207.0,7.715,2370.69,363.149,0.8261,-0.1034,6.608
Maharashtra,Sangli,2023,20977.0,20079.0,18529.0,7.089,2542.98,289,204.0,6.917,2511.9,358.722,0.8833,0.0249,6.642
Maharashtra,Satara,2015,17062.0,18133.0,15284.0,5.686,1164.89,174,122.0,6.195,1252.57,204.87,0.8958,-0.0822,6.195
Maharashtra,Satara,2016,18765.0,17357.0,16820.0,6.715,1426.55,183,135.0,5.686,1164.89,212.442,0.8963,0.181,5.94
Maharashtra,Satara,2017,17596.0,17142.0,16820.0,6.035,1522.68,194,174.0,6.715,1426.55,252.308,0.9559,-0.1013,6.199
Maharashtra,Satara,2018,19763.0,18800.0,17129.0,6.698,1671.02,203,139.0,6.035,1522.68,249.48,0.8667,0.1099,6.158
Maharashtra,Satara,2019,19058.0,17738.0,16002.0,6.73,1854.57,213,158.0,6.698,1671.02,275.568,0.8396,0.0048,6.266
Maharashtra,Satara,2020,30851.0,28550.0,27089.0,10.323,2951.58,238,223.0,6.73,1854.57,285.923,0.8781,0.5339,6.343
Maharashtra,Satara,2021,23172.0,21796.0,20296.0,7.718,2367.38,256,211.0,10.323,2951.58,306.735,0.8759,-0.2523,6.912
Maharashtra,Satara,2022,24487.0,23596.0,21051.0,8.375,2899.28,273,246.0,7.718,2367.38,346.183,0.8597,0.0851,7.012
Maharashtra,Satara,2023,19534.0,18582.0,17036.0,7.02,2359.77,289,152.0,8.375,2899.28,336.15,0.8721,-0.1618,7.164
Maharashtra,Sindhudurg,2015,12081.0,11638.0,11213.0,4.174,906.76,174,112.0,4.057,826.71,217.24,0.9282,0.0288,4.057
Maharashtra,Sindhudurg,2016,12786.0,11827.0,10956.0,4.324,986.49,183,145.0,4.174,906.76,228.143,0.8569,0.0359,4.116
Maharashtra,Sindhudurg,2017,14657.0,14471.0,13321.0,5.078,1176.46,194,110.0,4.324,986.49,231.678,0.9088,0.1744,4.185
Maharashtra,Sindhudurg,2018,14657.0,11836.0,11235.0,4.508,1181.29,203,83.0,5.078,1176.46,262.043,0.7665,-0.1122,4.408
Maharashtra,Sindhudurg,2019,14670.0,14462.0,12944.0,5.232,1417.8,213,123.0,4.508,1181.29,270.986,0.8823,0.1606,4.428
Maharashtra,Sindhudurg,2020,20783.0,20225.0,18217.0,7.237,2275.45,238,191.0,5.232,1417.8,314.419,0.8765,0.3832,4.562
Maharashtra,Sindhudurg,2021,18329.0,18144.0,16332.0,6.137,1905.25,256,136.0,7.237,2275.45,310.453,0.891,-0.152,4.944
Maharashtra,Sindhudurg,2022,16556.0,18144.0,15876.0,5.677,1944.48,273,163.0,6.137,1905.25,342.519,0.9589,-0.075,5.093
Maharashtra,Sindhudurg,2023,14126.0,13197.0,12241.0,4.695,1775.24,289,108.0,5.677,1944.48,378.113,0.8666,-0.173,5.158
Maharashtra,Solapur,2015,19053.0,18276.0,16914.0,6.554,1529.21,174,163.0,7.119,1580.98,233.325,0.8877,-0.0794,7.119
Maharashtra,Solapur,2016,22864.0,21564.0,19223.0,8.02,1846.99,183,260.0,6.554,1529.21,230.298,0.8408,0.2237,6.836
Maharashtra,Solapur,2017,19244.0,18727.0,17413.0,6.817,1623.39,194,159.0,8.02,1846.99,238.138,0.9049,-0.15,7.231
Maharashtra,Solapur,2018,22150.0,20804.0,18429.0,7.545,1889.79,203,210.0,6.817,1623.39,250.469,0.832,0.1068,7.127
Maharashtra,Solapur,2019,24480.0,22787.0,18429.0,8.197,2279.55,213,209.0,7.545,1889.79,278.096,0.7528,0.0864,7.211
Maharashtra,Solapur,2020,37440.0,22787.0,18429.0,12.588,3764.55,238,420.0,8.197,2279.55,299.059,0.4922,0.5357,7.375
Maharashtra,Solapur,2021,25879.0,24176.0,22710.0,9.234,3208.28,256,260.0,12.588,3764.55,347.442,0.8775,-0.2664,8.12
Maharashtra,Solapur,2022,23268.0,21895.0,20208.0,8.042,2832.19,273,175.0,9.234,3208.28,352.175,0.8685,-0.1291,8.259
Maharashtra,Solapur,2023,25602.0,24828.0,21889.0,8.965,3380.0,289,259.0,8.042,2832.19,377.022,0.855,0.1148,8.235
Maharashtra,Thane,2015,8171.0,7566.0,6810.0,2.899,618.88,174,72.0,2.754,520.08,213.481,0.8334,0.0527,2.754
Maharashtra,Thane,2016,9293.0,9151.0,8218.0,3.119,746.94,183,57.0,2.899,618.88,239.481,0.8843,0.0759,2.827
Maharashtra,Thane,2017,10454.0,9626.0,9131.0,3.469,885.56,194,115.0,3.119,746.94,255.278,0.8734,0.1122,2.924
Maharashtra,Thane,2018,9621.0,8903.0,8515.0,3.309,842.46,203,94.0,3.469,885.56,254.597,0.885,-0.0461,3.06
Maharashtra,Thane,2019,10245.0,9535.0,9025.0,3.517,869.7,213,106.0,3.309,842.46,247.285,0.8809,0.0629,3.11
Maharashtra,Thane,2020,12682.0,12120.0,9025.0,4.392,1375.43,238,133.0,3.517,869.7,313.167,0.7116,0.2488,3.178
Maharashtra,Thane,2021,12513.0,11704.0,10788.0,4.455,1495.13,256,135.0,4.392,1375.43,335.607,0.8621,0.0143,3.351
Maharashtra,Thane,2022,10421.0,9863.0,9435.0,3.486,1132.47,273,135.0,4.455,1495.13,324.862,0.9054,-0.2175,3.489
Maharashtra,Thane,2023,10421.0,9439.0,9145.0,3.443,1168.25,289,67.0,3.486,1132.47,339.312,0.8776,-0.0123,3.489
Maharashtra,Wardha,2015,19529.0,18677.0,17852.0,6.541,1467.03,174,223.0,6.684,1456.11,224.282,0.9141,-0.0214,6.684
Maharashtra,Wardha,2016,20904.0,20526.0,18966.0,7.483,1689.19,183,154.0,6.541,1467.03,225.737,0.9073,0.144,6.613
Maharashtra,Wardha,2017,20760.0,19515.0,17418.0,7.48,1868.94,194,187.0,7.483,1689.19,249.858,0.839,-0.0004,6.903
Maharashtra,Wardha,2018,20760.0,21355.0,19973.0,8.163,2114.01,203,237.0,7.48,1868.94,258.975,0.9621,0.0913,7.047
Maharashtra,Wardha,2019,20917.0,19607.0,18059.0,7.56,2060.28,213,240.0,8.163,2114.01,272.524,0.8634,-0.0739,7.27
Maharashtra,Wardha,2020,35010.0,33663.0,29689.0,12.061,3735.89,238,287.0,7.56,2060.28,309.75,0.848,0.5954,7.318
Maharashtra,Wardha,2021,26215.0,25554.0,24654.0,9.398,2915.51,256,265.0,12.061,3735.89,310.227,0.9405,-0.2208,7.996
Maharashtra,Wardha,2022,26071.0,25554.0,23818.0,9.186,3452.59,273,318.0,9.398,2915.51,375.853,0.9136,-0.0226,8.171
Maharashtra,Wardha,2023,25001.0,23958.0,21399.0,8.68,3183.3,289,301.0,9.186,3452.59,366.74,0.8559,-0.0551,8.284
Maharashtra,Washim,2015,31870.0,28829.0,28407.0,11.392,2626.37,174,302.0,10.217,2260.96,230.545,0.8913,0.115,10.217
Maharashtra,Washim,2016,30521.0,30066.0,27817.0,10.617,2837.2,183,237.0,11.392,2626.37,267.232,0.9114,-0.068,10.804
Maharashtra,Washim,2017,34194.0,32531.0,29445.0,11.439,3191.2,194,237.0,10.617,2837.2,278.975,0.8611,0.0774,10.742
Maharashtra,Washim,2018,35320.0,32955.0,29894.0,11.695,3038.68,203,288.0,11.439,3191.2,259.827,0.8464,0.0224,10.916
Maharashtra,Washim,2019,39307.0,36661.0,34488.0,13.36,3769.2,213,321.0,11.695,3038.68,282.126,0.8774,0.1424,11.072
Maharashtra,Washim,2020,54181.0,51615.0,47099.0,18.356,6279.87,238,508.0,13.36,3769.2,342.115,0.8693,0.374,11.453
Maharashtra,Washim,2021,45078.0,42552.0,37595.0,15.026,5265.44,256,302.0,18.356,6279.87,350.422,0.834,-0.1814,12.439
Maharashtra,Washim,2022,47274.0,42552.0,41843.0,15.972,6338.56,273,452.0,15.026,5265.44,396.854,0.8851,0.063,12.763
Maharashtra,Washim,2023,36935.0,36547.0,33284.0,12.517,4721.34,289,335.0,15.972,6338.56,377.194,0.9012,-0.2163,13.119
Maharashtra,Yavatmal,2015,38746.0,36297.0,32836.0,13.879,3050.08,174,315.0,13.139,3048.71,219.762,0.8475,0.0563,13.139
Maharashtra,Yavatmal,2016,37867.0,35858.0,32649.0,13.227,3192.28,183,258.0,13.879,3050.08,241.346,0.8622,-0.047,13.509
Maharashtra,Yavatmal,2017,43418.0,42244.0,40941.0,15.417,4284.15,194,409.0,13.227,3192.28,277.885,0.9429,0.1656,13.415
Maharashtra,Yavatmal,2018,43492.0,42368.0,40199.0,15.282,4394.4,203,409.0,15.417,4284.15,287.554,0.9243,-0.0088,13.916
Maharashtra,Yavatmal,2019,52007.0,42368.0,46097.0,17.541,5352.32,213,343.0,15.282,4394.4,305.132,0.8864,0.1478,14.189
Maharashtra,Yavatmal,2020,75288.0,69756.0,65505.0,25.385,7632.02,238,789.0,17.541,5352.32,300.651,0.8701,0.4472,14.748
Maharashtra,Yavatmal,2021,53409.0,52339.0,46519.0,18.28,6125.64,256,457.0,25.385,7632.02,335.101,0.871,-0.2799,16.267
Maharashtra,Yavatmal,2022,51813.0,48629.0,44512.0,17.984,6565.02,273,592.0,18.28,6125.64,365.048,0.8591,-0.0162,16.519
Maharashtra,Yavatmal,2023,51549.0,48962.0,44531.0,17.192,6716.71,289,431.0,17.984,6565.02,390.688,0.8639,-0.044,16.682
