state,district,budget_allocated_lakhs,optimized_budget,budget_change,budget_change_pct,sq_persondays,opt_persondays,persondays_gain,persondays_gain_pct,persondays_per_lakh
Rajasthan,Nagaur,87036.01,120678.33,33642.32000000001,38.65,272.39,377.678,105.288,38.65,0.003129624163607684
Tamil Nadu,Salem,58309.15,86373.14,28063.989999999998,48.13,183.869,272.365,88.496,48.13,0.0031533472876898393
Andhra Pradesh,Vizianagaram,70861.98,98723.73,27861.75,39.32,221.823,309.04,87.217,39.32,0.0031303528351875015
Rajasthan,Banswara,66728.5,94185.34,27456.839999999997,41.15,209.131,295.182,86.051,41.15,0.003134058161055621
Andhra Pradesh,Prakasam,50200.47,76364.79,26164.319999999992,52.12,158.864,241.663,82.799,52.12,0.0031645918852950977
Rajasthan,Dungarpur,79525.57,99952.31,20426.73999999999,25.69,246.986,310.426,63.44,25.69,0.0031057432219599303
Uttar Pradesh,Azamgarh,30356.34,49559.3,19202.960000000003,63.26,98.51,160.826,62.316,63.26,0.003245121118026745
Tamil Nadu,Pudukkottai,62268.51,82196.49,19927.980000000003,32.0,194.243,256.407,62.164,32.0,0.0031194419137377783
Andhra Pradesh,Anantapur,35285.88,53970.08,18684.200000000004,52.95,111.763,170.943,59.18,52.95,0.0031673575945959124
Andhra Pradesh,Kurnool,32117.26,49444.02,17326.76,53.95,101.805,156.727,54.922,53.95,0.003169790947297497
Tamil Nadu,Virudhunagar,42445.6,59346.2,16900.6,39.82,132.938,185.87,52.932,39.82,0.003131961852347475
Tamil Nadu,Cuddalore,60948.09,77920.32,16972.23000000001,27.85,189.564,242.352,52.788,27.85,0.0031102533319748004
Uttar Pradesh,Basti,40036.58,56776.72,16740.14,41.81,125.629,178.157,52.528,41.81,0.00313785543120816
Andhra Pradesh,Annamayya,29713.0,46088.48,16375.480000000003,55.11,94.392,146.413,52.021,55.11,0.0031767913034698616
Odisha,Kandhamal,35348.85,51421.84,16072.989999999998,45.47,111.313,161.927,50.614,45.47,0.0031489850447751484
Odisha,Sundargarh,35619.21,50808.44,15189.230000000003,42.64,111.802,159.478,47.676,42.64,0.00313881189391904
Jharkhand,Garhwa,32810.97,47675.45,14864.479999999996,45.3,103.317,150.123,46.806,45.3,0.0031488553980574176
Maharashtra,Amravati,34611.99,49486.79,14874.800000000003,42.98,108.657,155.353,46.696,42.98,0.003139287859496088
Bihar,Nalanda,29566.8,43944.66,14377.860000000004,48.63,93.28,138.641,45.361,48.63,0.0031548899441265206
Rajasthan,Jodhpur,59464.51,74046.4,14581.889999999992,24.52,184.534,229.785,45.251,24.52,0.0031032627696755593
Madhya Pradesh,Mandla,29208.68,42926.8,13718.120000000003,46.97,92.036,135.262,43.226,46.97,0.0031509811467002277
Tamil Nadu,Ranipet,26674.0,40221.63,13547.629999999997,50.79,84.297,127.111,42.814,50.79,0.0031602684261827995
Bihar,Katihar,25815.32,39313.1,13497.779999999999,52.29,81.717,124.443,42.726,52.29,0.003165445944501172
Karnataka,Belagavi,40717.21,53951.14,13233.93,32.5,127.039,168.329,41.29,32.5,0.00312003204541765
Uttar Pradesh,Ghazipur,29976.26,42659.47,12683.210000000003,42.31,94.084,133.892,39.808,42.31,0.0031386170256062634
Kerala,Kozhikode,35556.71,48000.07,12443.36,35.0,111.079,149.952,38.873,35.0,0.0031239954427729672
Bihar,Saran,25039.24,37257.05,12217.810000000001,48.79,79.033,117.597,38.564,48.79,0.0031563657682900917
Rajasthan,Hanumangarh,36871.29,49223.01,12351.720000000001,33.5,115.094,153.65,38.556,33.5,0.0031215072757150614
Uttar Pradesh,Kheri,27376.6,39506.04,12129.440000000002,44.31,86.112,124.265,38.153,44.31,0.003145459991379499
Bihar,Auranagabad,21237.21,33047.42,11810.21,55.61,67.591,105.179,37.588,55.61,0.003182668533201866
Bihar,Muzaffarpur,27545.43,39474.9,11929.470000000001,43.31,86.539,124.018,37.479,43.31,0.0031416826675060073
Bihar,Gaya,41252.38,53014.27,11761.89,28.51,128.342,164.935,36.593,28.51,0.0031111417086723244
Andhra Pradesh,Alluri Sitharama Raju,47943.95,59461.64,11517.690000000002,24.02,148.755,184.491,35.736,24.02,0.0031026855317511388
Uttar Pradesh,Barabanki,27773.37,38970.44,11197.070000000003,40.32,87.025,122.11,35.085,40.32,0.0031333972074688815
Telangana,Vikarabad,20534.71,31339.75,10805.04,52.62,65.032,99.251,34.219,52.62,0.003166930528846037
Karnataka,Bidar,17611.42,28254.39,10642.970000000001,60.43,56.559,90.739,34.18,60.43,0.003211495722661773
Tamil Nadu,Kanchipuram,30746.18,41608.29,10862.11,35.33,96.067,130.006,33.939,35.33,0.0031245182328341276
Uttar Pradesh,Sonbhadra,15930.2,26139.82,10209.619999999999,64.09,51.97,85.277,33.307,64.09,0.003262357032554519
Rajasthan,Rajsamand,35830.06,45986.37,10156.310000000005,28.35,111.468,143.064,31.596,28.35,0.003111019071695666
Uttar Pradesh,Jaunpur,39558.35,49653.45,10095.099999999999,25.52,122.818,154.161,31.343,25.52,0.0031047301012302082
Jharkhand,Hazaribagh,17989.45,27425.31,9435.86,52.45,56.96,86.837,29.877,52.45,0.0031663002482010287
Assam,Nagaon,17086.91,26447.07,9360.16,54.78,54.212,83.909,29.697,54.78,0.003172721106390799
Rajasthan,Jalore,25464.21,34714.29,9250.080000000002,36.33,79.599,108.514,28.915,36.33,0.0031259167278309442
Uttar Pradesh,Fatehpur,18036.0,27016.51,8980.509999999998,49.79,56.963,85.326,28.363,49.79,0.003158294522066977
Kerala,Malappuram,19118.28,28065.57,8947.29,46.8,60.22,88.403,28.183,46.8,0.0031498649460097875
Kerala,Wayanad,14327.08,22770.88,8443.800000000001,58.94,45.866,72.898,27.032,58.94,0.003201350170446455
Telangana,Nirmal,18386.51,26960.76,8574.25,46.63,57.915,84.923,27.008,46.63,0.003149863677228577
Telangana,Adilabad,14434.8,22678.11,8243.310000000001,57.11,46.05,72.348,26.298,57.11,0.0031902069997506027
Karnataka,Yadgir,16993.13,25313.12,8319.989999999998,48.96,53.641,79.904,26.263,48.96,0.0031566285904950997
Telangana,Sangareddy,20806.12,29159.69,8353.57,40.15,65.18,91.349,26.169,40.15,0.003132732099978276
Chhattisgarh,Surajpur,15043.84,23209.78,8165.939999999999,54.28,47.696,73.586,25.89,54.28,0.003170467114779205
Bihar,Saharsa,32026.61,40359.38,8332.769999999997,26.02,99.485,125.369,25.884,26.02,0.0031063231481571105
Odisha,Kendujhar,30059.41,38380.09,8320.679999999997,27.68,93.481,119.357,25.876,27.68,0.0031098747447138846
Chhattisgarh,Jashpur,18539.61,26722.92,8183.309999999998,44.14,58.313,84.052,25.739,44.14,0.003145319669615488
Tamil Nadu,Mayiladuthurai,27157.13,35396.82,8239.689999999999,30.34,84.599,110.267,25.668,30.34,0.0031151671770912465
Maharashtra,Jalna,19358.59,27517.19,8158.5999999999985,42.14,60.755,86.36,25.605,42.14,0.003138400059095213
Tamil Nadu,Nagapattinam,21381.41,29468.3,8086.889999999999,37.82,66.888,92.186,25.298,37.82,0.0031283250262728233
Karnataka,Vijaypura,14184.42,22119.67,7935.249999999998,55.94,45.161,70.426,25.265,55.94,0.0031838453740089478
Uttar Pradesh,Amroha,12477.2,20266.37,7789.169999999998,62.43,40.333,65.512,25.179,62.43,0.003232536145930176
Tamil Nadu,Tirunelveli,17968.06,25958.84,7990.779999999999,44.47,56.532,81.673,25.141,44.47,0.0031462495116334204
Uttar Pradesh,Hamirpur,15299.98,23197.97,7897.990000000002,51.62,48.38,73.354,24.974,51.62,0.003162095636726323
Madhya Pradesh,Katni,14342.68,22175.71,7833.029999999999,54.61,45.477,70.314,24.837,54.61,0.0031707463319268084
Uttar Pradesh,Sant Kabeer Nagar,23385.14,31335.69,7950.549999999999,34.0,73.012,97.835,24.823,34.0,0.0031221536411584453
Odisha,Malkangiri,15718.13,23570.66,7852.530000000001,49.96,49.651,74.456,24.805,49.96,0.0031588363246772997
Gujarat,Panch Mahals,14708.52,22521.27,7812.75,53.12,46.6,71.353,24.753,53.12,0.0031682317459540456
Uttar Pradesh,Gorakhpur,21789.05,29667.88,7878.830000000002,36.16,68.102,92.727,24.625,36.16,0.0031255148801806413
Maharashtra,Palghar,18885.85,26688.23,7802.380000000001,41.31,59.23,83.7,24.47,41.31,0.003136210443268373
Madhya Pradesh,Panna,12065.68,19557.83,7492.1500000000015,62.09,38.964,63.159,24.195,62.1,0.003229324828770529
Gujarat,Narmada,12023.09,19508.78,7485.689999999999,62.26,38.849,63.037,24.188,62.26,0.0032311993006789433
Uttar Pradesh,Kushi Nagar,18315.85,26004.54,7688.690000000002,41.98,57.481,81.611,24.13,41.98,0.003138320088884764
Uttar Pradesh,Bijnor,14144.89,21728.8,7583.91,53.62,44.833,68.871,24.038,53.62,0.003169554517567828
Uttar Pradesh,Pratapgarh,23456.66,31158.55,7701.889999999999,32.83,73.209,97.247,24.038,32.83,0.003121032576675452
Rajasthan,Kota,14729.94,22309.18,7579.24,51.45,46.567,70.528,23.961,51.45,0.003161384228313218
Jharkhand,Ranchi,12393.17,19635.39,7242.219999999999,58.44,39.621,62.774,23.153,58.44,0.0031970028652878965
Tripura,Gomati,17699.24,25070.24,7371.0,41.65,55.524,78.647,23.123,41.65,0.0031370838521880035
Uttar Pradesh,Jhansi,15167.31,22315.99,7148.680000000002,47.13,47.793,70.319,22.526,47.13,0.0031510531531299883
Assam,Darrang,12778.46,19863.44,7084.98,55.44,40.617,63.137,22.52,55.44,0.003178552032091504
Uttar Pradesh,Banda,13981.09,21058.79,7077.700000000001,50.62,44.183,66.55,22.367,50.62,0.0031601970947901774
Bihar,Nawada,27227.35,34356.7,7129.3499999999985,26.18,84.623,106.781,22.158,26.18,0.003108014551544679
Tripura,Dhalai,24024.38,31113.86,7089.48,29.51,74.775,96.841,22.066,29.51,0.0031124632560757034
Telangana,Mahabubabad,18083.78,25013.64,6929.860000000001,38.32,56.585,78.269,21.684,38.32,0.0031290471350569407
Tripura,Sepahijala,13521.92,20322.22,6800.300000000001,50.29,42.719,64.203,21.484,50.29,0.0031592406995456265
Odisha,Nuapada,17848.71,24510.44,6661.73,37.32,55.816,76.648,20.832,37.32,0.0031271727760717725
Maharashtra,Hingoli,10259.88,16596.61,6336.730000000001,61.76,33.108,53.556,20.448,61.76,0.003226938326764056
Odisha,Gajapati,13164.46,19631.78,6467.32,49.13,41.559,61.976,20.417,49.13,0.0031569088287707967
Uttar Pradesh,Bareilly,13074.59,19519.5,6444.91,49.29,41.283,61.633,20.35,49.29,0.003157498629020107
Bihar,Vaishali,22330.26,28808.44,6478.18,29.01,69.481,89.638,20.157,29.01,0.0031115177342314866
Madhya Pradesh,Khargone,17503.24,23919.63,6416.389999999999,36.66,54.716,74.774,20.058,36.66,0.0031260498056359847
Madhya Pradesh,Sagar,11680.46,18001.3,6320.84,54.11,37.03,57.069,20.039,54.12,0.0031702518565193496
Uttar Pradesh,Balrampur,19184.35,25579.13,6394.7800000000025,33.33,59.88,79.84,19.96,33.33,0.0031212941798914222
Bihar,Begusarai,11725.4,17992.59,6267.1900000000005,53.45,37.16,57.022,19.862,53.45,0.003169188257969877
Uttar Pradesh,Firozabad,13480.05,19564.56,6084.510000000002,45.14,42.444,61.602,19.158,45.14,0.003148653009447295
Chhattisgarh,Mungeli,13256.4,19328.11,6071.710000000001,45.8,41.748,60.869,19.121,45.8,0.0031492712953743096
Uttar Pradesh,Rampur,13280.39,19341.01,6060.619999999999,45.64,41.821,60.906,19.085,45.63,0.00314907920625825
Uttar Pradesh,Kannauj,9451.22,15225.65,5774.43,61.1,30.404,48.98,18.576,61.1,0.0032169391888031387
Odisha,Puri,8191.91,13768.94,5577.030000000001,68.08,27.257,45.813,18.556,68.08,0.003327307062699664
Uttar Pradesh,Ambedkar Nagar,15793.04,21713.78,5920.739999999998,37.49,49.398,67.917,18.519,37.49,0.0031278335266674436
Maharashtra,Bhandara,12605.11,18441.39,5836.279999999999,46.3,39.7,58.081,18.381,46.3,0.0031495163469418357
Maharashtra,Latur,17121.44,22999.37,5877.93,34.33,53.463,71.817,18.354,34.33,0.0031225761384556443
Telangana,Karimnagar,9272.73,14968.94,5696.210000000001,61.43,29.871,48.221,18.35,61.43,0.0032213814054760574
Assam,Baksa,7567.68,12946.2,5378.52,71.07,25.752,44.055,18.303,71.07,0.00340289229988583
Meghalaya,East Garo Hills,9643.87,15295.51,5651.639999999999,58.6,30.832,48.901,18.069,58.6,0.003197056783220844
Odisha,Baleshwar,11407.68,17049.88,5642.200000000001,49.46,36.025,53.843,17.818,49.46,0.0031579602513394484
Chhattisgarh,Baloda Bazar,18294.28,23996.98,5702.700000000001,31.17,57.039,74.819,17.78,31.17,0.0031178597900545966
Uttar Pradesh,Amethi,15401.35,21072.83,5671.480000000001,36.82,48.146,65.876,17.73,36.83,0.0031260895960419054
Tripura,South Tripura,15019.57,20675.31,5655.740000000002,37.66,46.984,64.676,17.692,37.66,0.0031281854274123693
Odisha,Dhenkanal,20577.32,26204.86,5627.540000000001,27.35,63.989,81.489,17.5,27.35,0.003109685809425134
Himachal Pradesh,Kangra,12075.14,17625.89,5550.75,45.97,38.028,55.509,17.481,45.97,0.0031492802567920537
Chhattisgarh,Balod,16544.13,22141.35,5597.2199999999975,33.83,51.647,69.12,17.473,33.83,0.00312177189129921
Himachal Pradesh,Shimla,13058.31,18605.1,5546.789999999999,42.48,40.987,58.397,17.41,42.48,0.0031387675740582053
Assam,Sonitpur,10687.79,16133.85,5446.0599999999995,50.96,33.778,50.99,17.212,50.96,0.0031604288632168104
Uttar Pradesh,Ayodhya,13839.03,19326.32,5487.289999999999,39.65,43.342,60.527,17.185,39.65,0.003131866901076159
Bihar,Araria,17925.88,23424.34,5498.459999999999,30.67,55.851,72.982,17.131,30.67,0.003115662940954642
Andhra Pradesh,Kakinada,22495.65,27937.23,5441.579999999998,24.19,69.797,86.681,16.884,24.19,0.003102688742045684
Madhya Pradesh,Anuppur,17174.34,22585.04,5410.700000000001,31.5,53.554,70.426,16.872,31.5,0.0031182566549864507
Madhya Pradesh,Tikamgarh,8214.18,13355.72,5141.539999999999,62.59,26.569,43.199,16.63,62.59,0.0032345285834982918
Chhattisgarh,Balrampur,13095.6,18396.97,5301.370000000001,40.48,41.034,57.645,16.611,40.48,0.003133418858242463
Uttar Pradesh,Lalitpur,14825.62,20137.2,5311.58,35.83,46.333,62.933,16.6,35.83,0.003125198136738969
Madhya Pradesh,Seoni,23362.91,28664.71,5301.799999999999,22.69,72.462,88.906,16.444,22.69,0.003101582807963563
Madhya Pradesh,Rewa,10846.62,16030.99,5184.369999999999,47.8,34.194,50.538,16.344,47.8,0.003152502807326153
Madhya Pradesh,Guna,7866.13,12868.28,5002.150000000001,63.59,25.571,41.832,16.261,63.59,0.0032507726162674657
Jharkhand,Palamu,19428.43,24547.97,5119.540000000001,26.35,60.389,76.302,15.913,26.35,0.0031082799793910264
Madhya Pradesh,Sheopur,10682.26,15646.0,4963.74,46.47,33.645,49.279,15.634,46.47,0.0031496144074381264
Uttar Pradesh,Ballia,15802.98,20807.91,5004.93,31.67,49.281,64.889,15.608,31.67,0.0031184624672055523
Jharkhand,Koderma,7231.58,11962.46,4730.879999999999,65.42,23.792,39.357,15.565,65.42,0.003290014077144967
Assam,Golaghat,8104.39,12921.21,4816.819999999999,59.43,25.966,41.399,15.433,59.44,0.0032039425545907834
Uttar Pradesh,Auraiya,7526.92,12263.31,4736.389999999999,62.93,24.4,39.754,15.354,62.93,0.0032416977993654774
Madhya Pradesh,Ratlam,9758.96,14601.93,4842.970000000001,49.63,30.82,46.115,15.295,49.63,0.0031581234065925063
Nagaland,Dimapur,8180.39,12947.18,4766.79,58.27,26.149,41.386,15.237,58.27,0.003196546863902577
Telangana,Narayanpet,7760.55,12489.13,4728.579999999999,60.93,24.962,40.172,15.21,60.93,0.0032165246019934153
Assam,Dhubri,19243.15,24089.92,4846.769999999997,25.19,59.74,74.787,15.047,25.19,0.0031044813349165807
Karnataka,Bagalkote,17206.15,22026.16,4820.009999999998,28.01,53.516,68.508,14.992,28.01,0.003110283241747863
Himachal Pradesh,Chamba,18615.21,23427.62,4812.41,25.85,57.821,72.769,14.948,25.85,0.0031061159127401734
Assam,Kamrup,10938.66,15694.2,4755.540000000001,43.47,34.373,49.317,14.944,43.48,0.003142341018004033
Odisha,Bhadrak,12091.74,16825.91,4734.17,39.15,37.851,52.67,14.819,39.15,0.0031303187134357835
Assam,Cachar,8130.04,12718.81,4588.7699999999995,56.44,25.921,40.551,14.63,56.44,0.0031882991965599184
Madhya Pradesh,Betul,12986.32,17617.35,4631.029999999999,35.66,40.583,55.055,14.472,35.66,0.0031250577530817043
Karnataka,Tumakuru,20355.92,25009.18,4653.260000000002,22.86,63.141,77.575,14.434,22.86,0.0031018494865375774
Uttar Pradesh,Moradabad,11565.13,16131.57,4566.4400000000005,39.48,36.204,50.499,14.295,39.48,0.003130444707495722
Bihar,Bhagalpur,15637.56,20226.13,4588.5700000000015,29.34,48.67,62.951,14.281,29.34,0.003112378145951159
Chhattisgarh,Durg,15264.65,19819.93,4555.280000000001,29.84,47.532,61.717,14.185,29.84,0.0031138611104742
Assam,Udalguri,10480.16,14966.68,4486.52,42.81,32.899,46.983,14.084,42.81,0.003139169630998
Bihar,Munger,13985.78,18438.44,4452.659999999998,31.84,43.626,57.515,13.889,31.84,0.003119311186076143
Assam,Lakhimpur,9925.48,14273.55,4348.07,43.81,31.201,44.869,13.668,43.81,0.003143525552416609
Madhya Pradesh,Dewas,8595.56,12904.05,4308.49,50.12,27.152,40.762,13.61,50.13,0.003158840145377381
Jharkhand,Godda,13918.86,18211.37,4292.509999999998,30.84,43.37,56.745,13.375,30.84,0.0031159161023244716
Rajasthan,Dholpur,11178.99,15425.7,4246.710000000001,37.99,34.974,48.26,13.286,37.99,0.0031285473911328303
Maharashtra,Dharashiv,7132.63,11253.31,4120.679999999999,57.77,22.775,35.933,13.158,57.77,0.003193071840260885
Telangana,Jayashanker Bhopalapally,6858.53,10889.27,4030.7400000000007,58.77,21.94,34.834,12.894,58.77,0.0031989362151948015
Tripura,North Tripura,13260.06,17371.45,4111.390000000001,31.01,41.334,54.15,12.816,31.01,0.003117180465246764
Meghalaya,Ri Bhoi,5694.14,9523.36,3829.2200000000003,67.25,18.893,31.598,12.705,67.25,0.003317972512091378
Uttar Pradesh,Shravasti,9973.05,14026.93,4053.880000000001,40.65,31.25,43.953,12.703,40.65,0.0031334446332867078
Bihar,Arwal,6559.2,10501.26,3942.0600000000004,60.1,21.037,33.68,12.643,60.1,0.0032072508842541773
Tripura,West Tripura,12160.85,16174.03,4013.1800000000003,33.0,37.955,50.48,12.525,33.0,0.0031210811744244848
Gujarat,Sabar Kantha,6585.33,10477.41,3892.08,59.1,21.092,33.558,12.466,59.1,0.003202876697143499
Maharashtra,Gadchiroli,13242.91,17172.85,3929.9399999999987,29.68,41.229,53.464,12.235,29.68,0.0031132885445872547
Telangana,Rangareddy,8789.26,12654.19,3864.9300000000003,43.97,27.634,39.786,12.152,43.97,0.003144064460489279
Bihar,Supaul,14341.17,18239.39,3898.2199999999993,27.18,44.593,56.714,12.121,27.18,0.0031094394669333118
Assam,Chirang,6116.18,9863.16,3746.9799999999996,61.26,19.698,31.766,12.068,61.27,0.0032206377183143725
Uttarakhand,Chamoli,6497.77,10219.27,3721.5,57.27,20.737,32.614,11.877,57.27,0.003191402588888187
Jammu and Kashmir,Doda,14273.56,18082.21,3808.6499999999996,26.68,44.371,56.211,11.84,26.68,0.003108614809479906
Mizoram,Lunglei,5997.88,9642.47,3644.5899999999992,60.76,19.287,31.007,11.72,60.77,0.003215636191454314
Karnataka,Chamaraja Nagara,7118.64,10817.02,3698.38,51.95,22.522,34.223,11.701,51.95,0.00316380656979423
Meghalaya,South West Garo Hills,10503.21,14231.28,3728.0700000000015,35.49,32.819,44.468,11.649,35.49,0.0031246637932593945
Madhya Pradesh,Bhind,10775.66,14492.95,3717.290000000001,34.5,33.648,45.256,11.608,34.5,0.00312259295486309
Madhya Pradesh,Ujjain,7923.55,11579.05,3655.499999999999,46.13,24.955,36.468,11.513,46.14,0.0031494721431681505
Gujarat,Arvalli,9603.9,13268.23,3664.33,38.15,30.048,41.513,11.465,38.16,0.0031287289538624932
Rajasthan,Tonk,16506.41,20169.92,3663.5099999999984,22.19,51.187,62.548,11.361,22.2,0.003101037718074372
Rajasthan,Bundi,14097.69,17625.04,3527.3500000000004,25.02,43.76,54.709,10.949,25.02,0.0031040546359013426
Maharashtra,Washim,5034.25,8269.06,3234.8099999999995,64.26,16.434,26.994,10.56,64.26,0.003264438595620003
Madhya Pradesh,Singrauli,13946.14,17342.83,3396.6900000000023,24.36,43.271,53.81,10.539,24.36,0.0031027223303365663
Assam,Hailakandi,7803.64,11040.56,3236.919999999999,41.48,24.478,34.631,10.153,41.48,0.0031367413155911857
Maharashtra,Jalgaon,8305.95,11530.29,3224.34,38.82,25.996,36.088,10.092,38.82,0.003129804537710918
Kerala,Kottayam,13725.29,16976.91,3251.619999999999,23.69,42.582,52.67,10.088,23.69,0.0031024481085645548
Manipur,Ukhrul,4609.55,7617.44,3007.8899999999994,65.25,15.147,25.031,9.884,65.25,0.003286004056795132
Chhattisgarh,Sukma,4075.7,6979.17,2903.4700000000003,71.24,13.872,23.754,9.882,71.24,0.0034035871138700102
Tamil Nadu,Coimbatore,9330.59,12471.81,3141.2199999999993,33.67,29.127,38.933,9.806,33.67,0.0031216675472826474
Telangana,Hanumakonda,7101.24,10200.28,3099.040000000001,43.64,22.318,32.058,9.74,43.64,0.0031428313928271684
Manipur,Kakching,4000.05,6829.68,2829.63,70.74,13.565,23.161,9.596,70.74,0.003391207609904876
Telangana,Wanaparthy,9541.76,12611.3,3069.539999999999,32.17,29.765,39.34,9.575,32.17,0.00311944546917969
Karnataka,Hassan,13763.36,16840.95,3077.59,22.36,42.682,52.226,9.544,22.36,0.0031011322816521547
Telangana,Mulugu,4340.23,7186.81,2846.580000000001,65.59,14.282,23.649,9.367,65.59,0.003290609023024126
Bihar,Jehanabad,9144.16,12101.0,2956.84,32.34,28.527,37.751,9.224,32.33,0.003119696068310266
Madhya Pradesh,Umaria,8367.79,11310.08,2942.289999999999,35.16,26.142,35.334,9.192,35.16,0.003124122378788186
Assam,Goalpara,8046.48,10982.81,2936.33,36.49,25.153,34.332,9.179,36.49,0.003125963154074825
Himachal Pradesh,Bilaspur,4092.35,6823.98,2731.6299999999997,66.75,13.509,22.526,9.017,66.75,0.0033010373013060957
Uttar Pradesh,Sant Ravidas Nagar,6390.13,9242.58,2852.45,44.64,20.106,29.081,8.975,44.64,0.003146414861669481
Assam,Hojai,7150.4,10009.37,2858.970000000001,39.98,22.397,31.352,8.955,39.98,0.003132272320429626
Karnataka,Uttara Kannada,5918.11,8736.96,2818.8499999999995,47.63,18.653,27.538,8.885,47.63,0.0031518508442729184
Telangana,Jangaon,9853.83,12696.12,2842.290000000001,28.84,30.66,39.504,8.844,28.85,0.003111480510623788
Madhya Pradesh,Burhanpur,4553.98,7298.48,2744.5,60.27,14.616,23.424,8.808,60.26,0.0032095002613098875
Madhya Pradesh,Neemuch,5077.38,7841.87,2764.49,54.45,16.098,24.863,8.765,54.45,0.0031705328338631337
Punjab,Patiala,9119.18,11901.17,2781.99,30.51,28.409,37.076,8.667,30.51,0.003115302033735489
Punjab,Moga,4494.09,7172.61,2678.5199999999995,59.6,14.401,22.984,8.583,59.6,0.0032044307078852446
Uttar Pradesh,Etah,10394.08,13150.28,2756.2000000000007,26.52,32.308,40.875,8.567,26.52,0.0031083078059818666
Manipur,Kangpokpi,3292.56,5692.87,2400.31,72.9,11.592,20.043,8.451,72.9,0.0035206647714848024
Gujarat,Valsad,3666.37,6156.33,2489.96,67.91,12.189,20.467,8.278,67.91,0.003324541712920409
Manipur,Imphal West,2984.75,5215.25,2230.5,74.73,11.076,19.353,8.277,74.73,0.00371086355641176
Jharkhand,Simdega,10714.88,13378.01,2663.130000000001,24.85,33.258,41.524,8.266,24.85,0.0031039078365786648
Gujarat,Chhotaudepur,6067.58,8685.26,2617.6800000000003,43.14,19.056,27.277,8.221,43.14,0.00314062608156794
Uttarakhand,Rudra Prayag,3561.48,6009.81,2448.3300000000004,68.74,11.898,20.077,8.179,68.74,0.00334074598200748
Madhya Pradesh,Datia,3939.3,6450.89,2511.59,63.76,12.818,20.99,8.172,63.75,0.0032538775924656664
Manipur,Thoubal,2821.67,4944.37,2122.7,75.23,10.717,18.779,8.062,75.23,0.0037981053773120175
Assam,Tamulpur,3521.02,5923.98,2402.9599999999996,68.25,11.723,19.723,8.0,68.24,0.003329432948406996
Mizoram,Saitual,3773.74,6154.68,2380.9400000000005,63.09,12.241,19.964,7.723,63.09,0.003243731682627844
Himachal Pradesh,Sirmaur,6213.62,8636.05,2422.4299999999994,38.99,19.448,27.03,7.582,38.99,0.003129898513266019
Tamil Nadu,The Nilgiris,3539.23,5842.82,2303.5899999999997,65.09,11.627,19.195,7.568,65.09,0.003285177849419224
Madhya Pradesh,Vidisha,9057.71,11489.66,2431.9500000000007,26.85,28.16,35.721,7.561,26.85,0.003108953587606581
Maharashtra,Buldhana,4664.43,7056.74,2392.3099999999995,51.29,14.743,22.304,7.561,51.29,0.003160729178056054
Manipur,Senapati,3759.05,6086.97,2327.92,61.93,12.136,19.652,7.516,61.93,0.0032284752796584238
Meghalaya,West Khasi Hills,4649.92,7027.06,2377.1400000000003,51.12,14.697,22.21,7.513,51.12,0.0031606995389167982
Maharashtra,Nandurbar,7326.89,9720.46,2393.569999999999,32.67,22.866,30.336,7.47,32.67,0.0031208329864376287
Telangana,Mancherial,8889.03,11290.47,2401.4399999999987,27.02,27.636,35.102,7.466,27.02,0.0031090006446147663
Punjab,Nawanshahr,4248.31,6596.71,2348.3999999999996,55.28,13.499,20.961,7.462,55.28,0.0031774988171767125
Haryana,Sirsa,2951.31,5093.03,2141.72,72.57,10.23,17.654,7.424,72.57,0.0034662573569025283
Maharashtra,Wardha,3729.31,6026.41,2297.1,61.6,12.021,19.425,7.404,61.59,0.003223384486674479
Madhya Pradesh,Shajapur,4857.81,7203.93,2346.12,48.3,15.319,22.717,7.398,48.29,0.003153478625141782
Madhya Pradesh,Raisen,5702.24,8029.59,2327.3500000000004,40.81,17.869,25.162,7.293,40.81,0.0031336807991245545
Madhya Pradesh,Jabalpur,8125.12,10455.26,2330.1400000000003,28.68,25.28,32.53,7.25,28.68,0.003111338663305896
Jammu and Kashmir,Kathua,3772.46,6027.15,2254.6899999999996,59.77,12.098,19.329,7.231,59.77,0.00320692598463602
Assam,Karbi Anglong,4639.1,6887.31,2248.21,48.46,14.631,21.722,7.091,48.47,0.0031538444956995967
Telangana,Jogulamba Gadwal,7800.51,10076.47,2275.959999999999,29.18,24.277,31.36,7.083,29.18,0.0031122324053170884
Nagaland,Kiphire,3054.85,5159.98,2105.1299999999997,68.91,10.228,17.276,7.048,68.91,0.003348118565559684
Nagaland,Tuensang,6043.73,8289.4,2245.67,37.16,18.899,25.921,7.022,37.16,0.003127042405931437
Maharashtra,Akola,3900.63,6095.75,2195.12,56.28,12.432,19.428,6.996,56.27,0.0031871774559494234
Sikkim,Namchi District,3271.64,5362.99,2091.35,63.92,10.666,17.484,6.818,63.92,0.0032601386460613026
Meghalaya,South West Khasi Hills,4762.09,6903.64,2141.55,44.97,14.994,21.737,6.743,44.97,0.0031486175187785195
Jammu and Kashmir,Jammu,3458.95,5555.02,2096.0700000000006,60.6,11.118,17.855,6.737,60.6,0.0032142702265138268
Madhya Pradesh,Barwani,9390.92,11553.25,2162.33,23.03,29.13,35.837,6.707,23.02,0.003101932505015483
Uttarakhand,Udam Singh Nagar,2816.12,4794.19,1978.0699999999997,70.24,9.534,16.231,6.697,70.24,0.0033855091402355017
Jharkhand,East Singhbum,8674.81,10816.47,2141.66,24.69,26.922,33.569,6.647,24.69,0.0031034685485906897
Maharashtra,Dhule,5480.32,7589.54,2109.2200000000003,38.49,17.151,23.752,6.601,38.49,0.003129561777414458
Manipur,Churachandpur,3089.98,5096.03,2006.0499999999997,64.92,10.145,16.731,6.586,64.92,0.003283192771474249
Assam,Bajali,2965.59,4950.04,1984.4499999999998,66.92,9.815,16.383,6.568,66.92,0.0033096281009849637
Jammu and Kashmir,Bandipora,2629.7,4520.55,1890.8500000000004,71.9,9.028,15.519,6.491,71.9,0.003433091227136176
Nagaland,Longleng,2716.64,4620.32,1903.6799999999998,70.07,9.191,15.632,6.441,70.08,0.0033832233936038642
Jammu and Kashmir,Reasi,2438.8,4232.93,1794.13,73.57,8.7,15.1,6.4,73.56,0.0035673281941938652
Chhattisgarh,Gaurela Pendra Marwahi,8867.65,10924.23,2056.58,23.19,27.507,33.886,6.379,23.19,0.00310194921991734
Madhya Pradesh,Narmadapuram,3509.45,5501.93,1992.4800000000005,56.77,11.191,17.545,6.354,56.78,0.0031888187607744807
Assam,Majuli,2528.85,4359.8,1830.9500000000003,72.4,8.762,15.106,6.344,72.4,0.0034648160230935014
Uttarakhand,Champawat,2542.98,4358.79,1815.81,71.4,8.67,14.861,6.191,71.41,0.0034093858386617273
Gujarat,Kheda,2518.32,4324.89,1806.5700000000002,71.74,8.628,14.817,6.189,71.73,0.003426093586200324
Manipur,Kamjong,2620.97,4444.54,1823.5700000000002,69.58,8.847,15.002,6.155,69.57,0.0033754678611353814
Mizoram,Champhai,5670.65,7636.29,1965.6400000000003,34.66,17.711,23.85,6.139,34.66,0.003123275109555342
Punjab,Kapurthala,2554.97,4353.85,1798.8800000000006,70.41,8.65,14.74,6.09,70.4,0.0033855583431508006
Maharashtra,Sangli,2250.39,3913.4,1663.0100000000002,73.9,8.156,14.183,6.027,73.9,0.003624260683703714
Gujarat,Dang,3677.02,5581.24,1904.2199999999998,51.79,11.632,17.656,6.024,51.79,0.003163431256832979
Haryana,Karnal,2498.18,4269.54,1771.3600000000001,70.91,8.492,14.513,6.021,70.9,0.0033992746719611884
Madhya Pradesh,Niwari,4264.66,6175.42,1910.7600000000002,44.8,13.424,19.439,6.015,44.81,0.0031477304169617274
Punjab,Amritsar,4004.62,5905.4,1900.7799999999997,47.46,12.621,18.612,5.991,47.47,0.0031516098905763844
Ladakh,Leh (Ladakh),2582.64,4366.66,1784.02,69.08,8.657,14.637,5.98,69.08,0.003351996406777561
Gujarat,Bhavnagar,2306.39,3991.61,1685.2200000000003,73.07,8.168,14.136,5.968,73.07,0.003541465233546798
Uttarakhand,Nainital,2387.99,4109.01,1721.0200000000004,72.07,8.249,14.194,5.945,72.07,0.003454369574411954
Uttar Pradesh,Varanasi,8050.92,9931.47,1880.5499999999993,23.36,24.975,30.809,5.834,23.36,0.0031021299429133567
Uttarakhand,Almora,3169.82,4995.82,1825.9999999999995,57.61,10.121,15.951,5.83,57.6,0.0031929257812746466
Maharashtra,Nagpur,5946.84,7810.48,1863.6399999999994,31.34,18.543,24.354,5.811,31.34,0.003118126601690982
Haryana,Jind,2744.66,4512.83,1768.17,64.42,8.975,14.757,5.782,64.42,0.0032699860820648097
Uttarakhand,Bageshwar,2133.62,3720.98,1587.3600000000001,74.4,7.769,13.549,5.78,74.4,0.0036412294597913406
Gujarat,Surendranagar,2426.41,4122.68,1696.2700000000004,69.91,8.203,13.938,5.735,69.91,0.003380714718452364
Sikkim,Gyalshing District,2130.3,3708.1,1577.7999999999997,74.06,7.739,13.471,5.732,74.07,0.0036328216683096273
Manipur,Tamenglong,2452.38,4150.49,1698.1099999999997,69.24,8.226,13.922,5.696,69.24,0.003354292564773812
Jharkhand,Khunti,5498.43,7322.1,1823.67,33.17,17.162,22.854,5.692,33.17,0.0031212546126803465
Mizoram,Khawzawl,2796.67,4551.85,1755.1800000000003,62.76,9.065,14.754,5.689,62.76,0.0032413548970740198
Arunachal Pradesh,Namsai,3099.29,4879.51,1780.2200000000003,57.44,9.894,15.577,5.683,57.44,0.003192344052992782
Uttar Pradesh,Muzaffarnagar,3102.04,4868.37,1766.33,56.94,9.895,15.529,5.634,56.94,0.003189836365746412
Jammu and Kashmir,Ramban,2626.39,4322.74,1696.35,64.59,8.595,14.146,5.551,64.58,0.0032725528196497857
Madhya Pradesh,Sehore,5202.0,6979.24,1777.2399999999998,34.16,16.242,21.791,5.549,34.16,0.003122260668973472
Jammu and Kashmir,Kulgam,7827.64,9590.97,1763.329999999999,22.53,24.277,29.746,5.469,22.53,0.003101445646452826
Jammu and Kashmir,Udhampur,2387.32,4020.54,1633.2199999999998,68.41,7.951,13.39,5.439,68.41,0.003330512876363453
Gujarat,Junagadh,2899.17,4583.72,1684.5500000000002,58.1,9.263,14.645,5.382,58.1,0.003195052377059641
Gujarat,Patan,2951.73,4622.66,1670.9299999999998,56.61,9.411,14.738,5.327,56.6,0.00318829974286266
Chhattisgarh,Narayanpur,2135.87,3664.53,1528.6600000000003,71.57,7.294,12.514,5.22,71.57,0.0034150018493634914
Gujarat,Mahesana,2676.61,4280.8,1604.19,59.93,8.584,13.729,5.145,59.94,0.003207041743100414
Nagaland,Mokokchung,5486.15,7132.45,1646.3000000000002,30.01,17.084,22.211,5.127,30.01,0.003114023495529652
Punjab,Faridkot,3950.25,5569.1,1618.8500000000004,40.98,12.38,17.453,5.073,40.98,0.0031339788620973357
Mizoram,Mamit,6893.79,8515.52,1621.7300000000005,23.52,21.387,26.418,5.031,23.52,0.0031023573389964013
Gujarat,Anand,1858.66,3238.36,1379.7,74.23,6.76,11.778,5.018,74.23,0.0036370288272196097
Haryana,Bhiwani,2308.78,3830.69,1521.9099999999999,65.92,7.604,12.616,5.012,65.91,0.0032935143235821515
Maharashtra,Ratnagiri,2255.47,3753.49,1498.02,66.42,7.44,12.381,4.941,66.41,0.003298647288591735
Maharashtra,Pune,2118.52,3571.37,1452.85,68.58,7.056,11.895,4.839,68.58,0.0033306270415195513
Himachal Pradesh,Hamirpur,5477.67,7021.25,1543.58,28.18,17.039,21.841,4.802,28.18,0.003110629154366729
Sikkim,Gangtok District,1434.84,2535.72,1100.8799999999999,76.72,6.206,10.968,4.762,76.73,0.004325220930556718
Mizoram,Hnahthial,2176.91,3615.52,1438.6100000000001,66.08,7.176,11.918,4.742,66.08,0.003296415561506907
Sikkim,Pakyong,1726.72,2999.87,1273.1499999999999,73.73,6.256,10.869,4.613,73.74,0.0036230541141586362
Madhya Pradesh,Harda,2213.7,3617.73,1404.0300000000002,63.42,7.19,11.75,4.56,63.42,0.0032479559109183723
Jammu and Kashmir,Baramulla,6055.87,7500.62,1444.75,23.86,18.789,23.271,4.482,23.85,0.003102609534220517
Ladakh,Kargil,3965.55,5392.88,1427.33,35.99,12.394,16.855,4.461,35.99,0.003125417659593247
Haryana,Mewat,1105.98,1960.06,854.0799999999999,77.22,5.608,9.939,4.331,77.23,0.005070616105173692
Punjab,Jalandhar,2302.76,3594.83,1292.0699999999997,56.11,7.335,11.451,4.116,56.11,0.003185308065104483
Gujarat,Botad,1416.1,2486.12,1070.02,75.56,5.402,9.484,4.082,75.56,0.0038147023515288474
Nagaland,Zunheboto,4328.68,5634.84,1306.1599999999999,30.17,13.482,17.55,4.068,30.17,0.003114575343984771
Gujarat,Gir Somnath,1453.2,2519.85,1066.6499999999999,73.4,5.154,8.937,3.783,73.4,0.003546655656482246
Jammu and Kashmir,Ganderbal,2526.72,3721.82,1195.1000000000004,47.3,7.963,11.729,3.766,47.29,0.003151516590678825
Karnataka,Kodagu,1651.89,2765.51,1113.6200000000001,67.41,5.483,9.179,3.696,67.41,0.003319228277911967
Maharashtra,Sindhudurg,1414.47,2450.34,1035.8700000000001,73.23,5.013,8.684,3.671,73.23,0.00354408364970625
Maharashtra,Thane,1264.68,2218.18,953.4999999999998,75.39,4.811,8.438,3.627,75.39,0.003804124363475345
Gujarat,Jamnagar,1451.6,2476.05,1024.4500000000003,70.57,4.921,8.394,3.473,70.58,0.003390052356020943
Manipur,Chandel,1330.67,2298.53,967.8600000000001,72.73,4.631,7.999,3.368,72.73,0.0034802017029015456
Gujarat,Amreli,1505.2,2479.89,974.6899999999998,64.75,4.941,8.141,3.2,64.76,0.0032826202498006905
Himachal Pradesh,Kinnaur,1788.71,2786.4,997.69,55.78,5.694,8.87,3.176,55.78,0.0031832996964292703
Uttar Pradesh,Meerut,2601.54,3563.87,962.3299999999999,36.99,8.133,11.141,3.008,36.99,0.0031262252358218593
Sikkim,Soreng,1879.11,2780.39,901.28,47.96,5.924,8.765,2.841,47.96,0.0031525562633374312
Chhattisgarh,Bijapur,3501.12,4388.77,887.6500000000005,25.35,10.87,13.626,2.756,25.35,0.0031047207750662643
Haryana,Mahendragarh,828.39,1459.84,631.4499999999999,76.23,3.498,6.164,2.666,76.21,0.004222648752399232
Arunachal Pradesh,Lohit,1159.66,1931.8,772.1399999999999,66.58,3.828,6.377,2.549,66.59,0.0033009675249642133
Manipur,Noney,1126.63,1888.02,761.3899999999999,67.58,3.745,6.276,2.531,67.58,0.003324072676921438
Assam,Dima Hasao,1119.35,1860.93,741.5800000000002,66.25,3.692,6.138,2.446,66.25,0.00329834278822531
Haryana,Jhajjar,974.88,1679.09,704.2099999999999,72.24,3.374,5.811,2.437,72.23,0.0034609387822090924
Uttar Pradesh,Shamli,1258.43,2004.28,745.8499999999999,59.27,4.031,6.42,2.389,59.27,0.0032031976351485575
Gujarat,Vadodara,1158.45,1781.49,623.04,53.78,3.672,5.647,1.975,53.79,0.0031697526867797486
Sikkim,Mangan District,664.48,1167.67,503.19000000000005,75.73,2.547,4.476,1.929,75.74,0.0038330724777269447
Gujarat,Porbandar,820.48,1389.97,569.49,69.41,2.765,4.684,1.919,69.4,0.003369978549141966
Manipur,Pherzawl,774.74,1315.06,540.3199999999999,69.74,2.619,4.446,1.827,69.76,0.003380488938224437
Maharashtra,Raigad,1039.07,1610.0,570.9300000000001,54.95,3.298,5.11,1.812,54.94,0.0031739921275756207
Arunachal Pradesh,Longding,1053.27,1584.72,531.45,50.46,3.328,5.007,1.679,50.45,0.003159683651865144
Arunachal Pradesh,West Siang,590.12,1030.13,440.0100000000001,74.56,2.163,3.776,1.613,74.57,0.0036653561987392393
Gujarat,Morbi,562.45,984.64,422.18999999999994,75.06,2.12,3.711,1.591,75.05,0.00376922393101609
Arunachal Pradesh,Siang,920.03,1410.25,490.22,53.28,2.915,4.468,1.553,53.28,0.003168374944295295
Haryana,Kurukshetra,1380.33,1861.09,480.76,34.83,4.312,5.814,1.502,34.83,0.0031238906638267664
Gujarat,Bharuch,1748.33,2229.37,481.03999999999996,27.51,5.437,6.933,1.496,27.52,0.0031098248042417623
Jammu and Kashmir,Samba,613.94,1029.87,415.92999999999984,67.75,2.041,3.424,1.383,67.76,0.0033244290973059253
West Bengal,Paschim Medinipur,24.68,44.07,19.39,78.57,1.729,3.087,1.358,78.54,0.07005672609400325
Haryana,Charki Dadri,404.55,714.27,309.71999999999997,76.56,1.73,3.054,1.324,76.53,0.0042763564454331975
Gujarat,Devbhumi Dwarka,561.2,930.2,369.0,65.75,1.848,3.063,1.215,65.75,0.003292943692088382
Jammu and Kashmir,Srinagar,267.98,475.81,207.82999999999998,77.55,1.403,2.491,1.088,77.55,0.005235465333233823
Haryana,Ambala,557.49,880.49,323.0,57.94,1.781,2.813,1.032,57.94,0.003194676137688568
Karnataka,Bengaluru,276.87,489.76,212.89,76.89,1.209,2.139,0.93,76.92,0.00436667027847004
West Bengal,Purba Bardhaman,7.0,3.11,-3.89,-55.57,-1.668,-0.741,0.927,-55.58,-0.23828571428571427
Haryana,Rewari,330.24,577.58,247.34000000000003,74.9,1.231,2.153,0.922,74.9,0.003727592054263566
Haryana,Panchkula,438.54,670.02,231.47999999999996,52.78,1.389,2.122,0.733,52.77,0.003167327951840197
Arunachal Pradesh,Shi Yomi,169.49,301.22,131.73000000000002,77.72,0.931,1.655,0.724,77.77,0.005492949436544929
West Bengal,Purba Medinipur,3.96,1.75,-2.21,-55.81,-1.271,-0.562,0.709,-55.78,-0.32095959595959594
Haryana,Faridabad,162.7,288.61,125.91000000000003,77.39,0.843,1.495,0.652,77.34,0.005181315304240934
Lakshadweep,Lakshadweep District,11.36,20.26,8.900000000000002,78.35,0.784,1.398,0.614,78.32,0.06901408450704226
West Bengal,Maldah,12.17,5.43,-6.74,-55.38,-1.107,-0.494,0.613,-55.37,-0.09096138044371405
West Bengal,Bankura,4.49,1.99,-2.5,-55.68,-1.088,-0.482,0.606,-55.7,-0.2423162583518931
West Bengal,Nadia,4.09,1.81,-2.28,-55.75,-1.064,-0.471,0.593,-55.73,-0.2601466992665037
Haryana,Palwal,176.73,311.74,135.01000000000002,76.39,0.749,1.321,0.572,76.37,0.004238103321450801
Andaman and Nicobar Islands,South Andaman,89.67,159.51,69.83999999999999,77.89,0.686,1.22,0.534,77.84,0.007650273224043717
Uttar Pradesh,Baghpat,142.03,251.47,109.44,77.05,0.69,1.222,0.532,77.1,0.004858128564387805
Haryana,Gurugram,160.14,281.68,121.54000000000002,75.9,0.652,1.147,0.495,75.92,0.00407143749219433
Arunachal Pradesh,East Siang,29.63,13.25,-16.38,-55.28,-0.891,-0.398,0.493,-55.33,-0.030070874114073574
West Bengal,Purulia,141.55,63.49,-78.06,-55.15,-0.832,-0.373,0.459,-55.17,-0.005877781702578594
West Bengal,Birbhum,9.7,17.29,7.59,78.25,0.571,1.018,0.447,78.28,0.0588659793814433
Uttar Pradesh,Gautam Buddha Nagar,20.62,36.71,16.09,78.03,0.406,0.723,0.317,78.08,0.01968962172647915
West Bengal,Murshidabad,60.25,106.08,45.83,76.07,0.25,0.44,0.19,76.0,0.004149377593360996
Goa,South Goa,79.91,133.52,53.610000000000014,67.09,0.265,0.443,0.178,67.17,0.0033162307596045553
Goa,North Goa,59.13,26.59,-32.540000000000006,-55.03,-0.088,-0.04,0.048,-54.55,-0.0014882462371046843
Andaman and Nicobar Islands,Nicobars,27.65,12.54,-15.11,-54.65,0.056,0.025,-0.031,-55.36,0.0020253164556962027
Arunachal Pradesh,Lower Siang,298.57,134.65,-163.92,-54.9,0.089,0.04,-0.049,-55.06,0.00029808755065813714
Telangana,Medchal,294.46,133.16,-161.29999999999998,-54.78,0.209,0.095,-0.114,-54.55,0.000709773823269714
Andaman and Nicobar Islands,North And Middle Andaman,283.42,218.37,-65.05000000000001,-22.95,0.872,0.672,-0.2,-22.94,0.0030767059487686117
Arunachal Pradesh,Upper Siang,812.32,694.74,-117.58000000000004,-14.47,2.511,2.148,-0.363,-14.46,0.0030911463462674807
Himachal Pradesh,Lahul And Spiti,329.15,149.65,-179.49999999999997,-54.53,0.788,0.358,-0.43,-54.57,0.0023940452681148416
Haryana,Sonipat,1310.73,1145.17,-165.55999999999995,-12.63,4.056,3.544,-0.512,-12.62,0.0030944588130278547
Arunachal Pradesh,Upper Dibang Valley,401.99,185.24,-216.75,-53.92,1.107,0.51,-0.597,-53.93,0.0027537998457673077
Arunachal Pradesh,Lower Subansiri,485.81,222.07,-263.74,-54.29,1.278,0.584,-0.694,-54.3,0.0026306580762026307
Arunachal Pradesh,Pakke Kessang,533.76,243.34,-290.41999999999996,-54.41,1.338,0.61,-0.728,-54.41,0.002506744604316547
Manipur,Jiribam,1259.92,1020.27,-239.6500000000001,-19.02,3.884,3.145,-0.739,-19.03,0.003082735411772176
Arunachal Pradesh,Kamle,1452.85,1178.28,-274.56999999999994,-18.9,4.479,3.633,-0.846,-18.89,0.0030829060123206114
Arunachal Pradesh,Leparada,583.79,274.75,-309.03999999999996,-52.94,1.639,0.771,-0.868,-52.96,0.0028075164014457255
Haryana,Yamunanagar,790.86,427.6,-363.26,-45.93,2.36,1.276,-1.084,-45.93,0.0029840932655590116
Arunachal Pradesh,West Kameng,832.9,387.9,-445.0,-53.43,2.303,1.073,-1.23,-53.41,0.0027650378196662265
Meghalaya,East Jaintia Hills,4062.13,3598.94,-463.19000000000005,-11.4,12.58,11.146,-1.434,-11.4,0.0030968974405053504
Manipur,Bishnupur,3453.05,2982.93,-470.12000000000035,-13.61,10.68,9.226,-1.454,-13.61,0.0030929178552294347
Maharashtra,Satara,3364.53,2869.26,-495.27,-14.72,10.4,8.869,-1.531,-14.72,0.0030910706696031837
Uttar Pradesh,Hapur,1048.92,523.3,-525.6200000000001,-50.11,3.084,1.539,-1.545,-50.1,0.002940167028944057
Madhya Pradesh,Gwalior,5279.18,4742.08,-537.1000000000004,-10.17,16.362,14.697,-1.665,-10.18,0.003099344974030057
Assam,West Karbi Anglong,1214.68,641.82,-572.86,-47.16,3.617,1.911,-1.706,-47.17,0.0029777389929858066
Gujarat,Gandhinagar,1162.89,545.87,-617.0200000000001,-53.06,3.241,1.521,-1.72,-53.07,0.0027870219883221973
Manipur,Tengnoupal,2096.81,1515.03,-581.78,-27.75,6.433,4.648,-1.785,-27.75,0.0030679937619526804
Arunachal Pradesh,Lower Dibang Valley,2002.93,1405.36,-597.5700000000002,-29.83,6.127,4.299,-1.828,-29.84,0.003059018537842061
Gujarat,Rajkot,1298.16,596.6,-701.5600000000001,-54.04,3.574,1.643,-1.931,-54.03,0.0027531275035434766
Punjab,Malerkotla,1321.56,617.1,-704.4599999999999,-53.31,3.666,1.712,-1.954,-53.3,0.0027739943702896576
Gujarat,Ahmadabad,1403.9,738.36,-665.5400000000001,-47.41,4.179,2.198,-1.981,-47.4,0.002976707742716718
Arunachal Pradesh,Tawang,1341.84,661.2,-680.6399999999999,-50.72,3.936,1.939,-1.997,-50.74,0.0029332856376319085
Haryana,Panipat,1331.37,642.95,-688.4199999999998,-51.71,3.87,1.869,-2.001,-51.71,0.00290678023389441
Uttar Pradesh,Bulandshahr,2469.51,1793.43,-676.0800000000002,-27.38,7.577,5.503,-2.074,-27.37,0.0030682200112572937
Punjab,Sas Nagar Mohali,1743.68,1034.9,-708.78,-40.65,5.268,3.127,-2.141,-40.64,0.003021196549825656
Mizoram,Serchhip,4949.45,4239.11,-710.3400000000001,-14.35,15.3,13.104,-2.196,-14.35,0.0030912525634161376
Haryana,Rohtak,1570.18,804.58,-765.6,-48.76,4.645,2.38,-2.265,-48.76,0.0029582595625979183
Assam,Kamrup (Metro),1543.87,707.63,-836.2399999999999,-54.17,4.227,1.937,-2.29,-54.18,0.00273792482527674
Puducherry,Karaikal,1550.36,733.46,-816.8999999999999,-52.69,4.431,2.096,-2.335,-52.7,0.0028580458732165434
Arunachal Pradesh,Anjaw,1621.06,792.81,-828.25,-51.09,4.742,2.319,-2.423,-51.1,0.002925246443684996
Maharashtra,Kolhapur,1693.42,809.47,-883.95,-52.2,4.861,2.324,-2.537,-52.19,0.002870522374839083
Arunachal Pradesh,Tirap,1934.01,1083.7,-850.31,-43.97,5.799,3.249,-2.55,-43.97,0.0029984333069632526
Gujarat,Kachchh,1870.79,965.52,-905.27,-48.39,5.551,2.865,-2.686,-48.39,0.002967195676692734
Assam,Sivasagar,6572.74,5669.82,-902.9200000000001,-13.74,20.328,17.535,-2.793,-13.74,0.0030927740942133723
Odisha,Boudh,8532.64,7612.12,-920.5199999999995,-10.79,26.432,23.58,-2.852,-10.79,0.0030977516923250013
Nagaland,Wokha,4104.62,3177.6,-927.02,-22.58,12.632,9.779,-2.853,-22.59,0.003077507783911787
Arunachal Pradesh,Kra-Daadi,4754.48,3756.64,-997.8399999999997,-20.99,14.642,11.569,-3.073,-20.99,0.003079621746226717
Haryana,Kaithal,2234.41,1188.87,-1045.54,-46.79,6.655,3.541,-3.114,-46.79,0.002978414883571055
Uttar Pradesh,Lucknow,4733.22,3699.13,-1034.0900000000001,-21.85,14.568,11.385,-3.183,-21.85,0.0030778201731590754
Telangana,Warangal,6573.93,5525.44,-1048.4900000000007,-15.95,20.3,17.062,-3.238,-15.95,0.0030879549979996746
Odisha,Sonepur,8090.64,7038.85,-1051.79,-13.0,25.03,21.776,-3.254,-13.0,0.003093698397160175
Madhya Pradesh,Khandwa,9560.77,8505.83,-1054.9400000000005,-11.03,29.615,26.347,-3.268,-11.03,0.0030975538581097545
Nagaland,Peren,4604.29,3479.55,-1124.7399999999998,-24.43,14.158,10.699,-3.459,-24.43,0.00307495835405676
Gujarat,Navsari,4637.54,3498.98,-1138.56,-24.55,14.26,10.759,-3.501,-24.55,0.003074906092454189
Karnataka,Dharwar,7503.78,6325.42,-1178.3599999999997,-15.7,23.175,19.536,-3.639,-15.7,0.003088443424514045
Punjab,Ropar,3837.59,2631.35,-1206.2400000000002,-31.43,11.718,8.035,-3.683,-31.43,0.0030534788760654473
Punjab,Barnala,2624.36,1367.33,-1257.0300000000002,-47.9,7.802,4.065,-3.737,-47.9,0.002972915301254401
Kerala,Pathanamthitta,11399.98,10184.13,-1215.8500000000004,-10.67,35.319,31.552,-3.767,-10.67,0.0030981633301111057
Karnataka,Udupi,2552.07,1179.14,-1372.93,-53.8,7.035,3.25,-3.785,-53.8,0.0027565858303259705
Chhattisgarh,Dantewada,3918.49,2657.93,-1260.56,-32.17,11.959,8.112,-3.847,-32.17,0.0030519409262241325
Karnataka,Dakshina Kannada,4499.77,3229.15,-1270.6200000000003,-28.24,13.795,9.9,-3.895,-28.23,0.0030657122475148727
Rajasthan,Jhunjhunu,7694.78,6429.7,-1265.08,-16.44,23.755,19.849,-3.906,-16.44,0.0030871577874871017
Punjab,Pathankot,2600.87,1233.65,-1367.2199999999998,-52.57,7.438,3.528,-3.91,-52.57,0.002859812293578687
Madhya Pradesh,Indore,2860.06,1535.83,-1324.23,-46.3,8.522,4.576,-3.946,-46.3,0.002979657769417425
Meghalaya,West Jaintia Hills,5626.2,4314.05,-1312.1499999999996,-23.32,17.307,13.271,-4.036,-23.32,0.00307614375599872
Madhya Pradesh,Jhabua,12421.07,11111.58,-1309.4899999999998,-10.54,38.485,34.428,-4.057,-10.54,0.003098364311609225
Jammu and Kashmir,Poonch,6840.39,5522.45,-1317.9400000000005,-19.27,21.081,17.019,-4.062,-19.27,0.0030818418248082344
Assam,Biswanath,7122.24,5802.5,-1319.7399999999998,-18.53,21.959,17.89,-4.069,-18.53,0.003083159230803792
Arunachal Pradesh,Changlang,2782.71,1292.54,-1490.17,-53.55,7.687,3.571,-4.116,-53.54,0.0027624150558268738
Uttar Pradesh,Kanpur Nagar,4756.78,3396.05,-1360.7299999999996,-28.61,14.573,10.404,-4.169,-28.61,0.0030636270754586087
Uttar Pradesh,Aligarh,10983.74,9609.83,-1373.9099999999999,-12.51,33.989,29.737,-4.252,-12.51,0.0030944832998596105
Himachal Pradesh,Una,3962.14,2536.61,-1425.5299999999997,-35.98,12.046,7.712,-4.334,-35.98,0.0030402762143690028
Mizoram,Kolasib,6350.81,4939.9,-1410.9100000000008,-22.22,19.546,15.204,-4.342,-22.21,0.0030777176454656963
Odisha,Kendrapara,7274.11,5863.66,-1410.4499999999998,-19.39,22.417,18.07,-4.347,-19.39,0.003081751581980476
Uttar Pradesh,Hathras,4039.01,2605.67,-1433.3400000000001,-35.49,12.289,7.928,-4.361,-35.49,0.0030425772652209328
Punjab,Hoshiarpur,5261.69,3814.72,-1446.9699999999998,-27.5,16.144,11.704,-4.44,-27.5,0.0030682157253658043
Uttar Pradesh,Chitrakoot,8440.3,7000.79,-1439.5099999999993,-17.06,26.044,21.602,-4.442,-17.06,0.0030856723102259402
Rajasthan,Alwar,14880.09,13402.78,-1477.3099999999995,-9.93,46.129,41.549,-4.58,-9.93,0.0031000484540080063
Assam,Charaideo,3079.11,1490.76,-1588.3500000000001,-51.58,8.955,4.336,-4.619,-51.58,0.002908307920145756
Assam,Kokrajhar,14411.15,12909.56,-1501.5900000000001,-10.42,44.654,40.001,-4.653,-10.42,0.0030985729799495533
Gujarat,Banas Kantha,8751.73,7237.6,-1514.1299999999992,-17.3,27.0,22.329,-4.671,-17.3,0.0030851043165179915
Assam,Nalbari,10880.74,9345.9,-1534.8400000000001,-14.11,33.64,28.895,-4.745,-14.11,0.0030917014835388037
Bihar,Sheohar,6490.33,4936.77,-1553.5599999999995,-23.94,19.96,15.182,-4.778,-23.94,0.003075344396972111
Meghalaya,North Garo Hills,10345.35,8784.33,-1561.0200000000004,-15.09,31.97,27.146,-4.824,-15.09,0.0030902772743309796
Mizoram,Aizawl,6637.95,5065.37,-1572.58,-23.69,20.416,15.579,-4.837,-23.69,0.0030756483552904137
Gujarat,Tapi,4952.57,3353.26,-1599.3099999999995,-32.29,15.112,10.232,-4.88,-32.29,0.0030513450592318738
Madhya Pradesh,Bhopal,4998.12,3377.96,-1620.1599999999999,-32.42,15.248,10.305,-4.943,-32.42,0.0030507470809024192
Uttar Pradesh,Kashganj,8905.93,7266.62,-1639.3100000000004,-18.41,27.459,22.405,-5.054,-18.41,0.003083226569263401
Bihar,Bhojpur,11874.17,10228.37,-1645.7999999999993,-13.86,36.718,31.629,-5.089,-13.86,0.0030922582378389396
Maharashtra,Nashik,8334.57,6677.53,-1657.04,-19.88,25.683,20.577,-5.106,-19.88,0.0030815027049985785
Madhya Pradesh,Dhar,16103.14,14445.04,-1658.0999999999985,-10.3,49.906,44.767,-5.139,-10.3,0.0030991471228592683
Madhya Pradesh,Narsinghpur,5413.75,3718.74,-1695.0100000000002,-31.31,16.531,11.355,-5.176,-31.31,0.003053521126760563
Karnataka,Haveri,14922.57,13239.34,-1683.2299999999996,-11.28,46.215,41.002,-5.213,-11.28,0.0030969866450618094
Karnataka,Mysuru,8126.91,6411.3,-1715.6099999999997,-21.11,25.027,19.744,-5.283,-21.11,0.0030795222292359582
Chhattisgarh,Raigarh,10885.47,9162.69,-1722.7799999999988,-15.83,33.614,28.294,-5.32,-15.83,0.0030879695594218715
Punjab,Gurdaspur,3804.41,2005.53,-1798.8799999999999,-47.28,11.327,5.971,-5.356,-47.29,0.0029773341989953765
Punjab,Fatehgarh Sahib,6703.77,4959.08,-1744.6900000000005,-26.03,20.59,15.231,-5.359,-26.03,0.003071406089409392
Himachal Pradesh,Solan,3608.2,1751.35,-1856.85,-51.46,10.495,5.094,-5.401,-51.46,0.002908652513718752
Assam,Dibrugarh,7106.78,5327.07,-1779.71,-25.04,21.849,16.377,-5.472,-25.04,0.003074388119514042
Uttarakhand,Haridwar,4617.78,2786.12,-1831.6599999999999,-39.67,13.973,8.431,-5.542,-39.66,0.0030259128845462543
Chhattisgarh,Bastar,6295.73,4479.3,-1816.4299999999994,-28.85,19.282,13.719,-5.563,-28.85,0.003062710757926404
Odisha,Angul,15815.12,13992.34,-1822.7800000000007,-11.53,48.971,43.327,-5.644,-11.53,0.003096467178244616
Karnataka,Chikkaballapura,10454.23,8619.85,-1834.3799999999992,-17.55,32.249,26.59,-5.659,-17.55,0.0030847800364063164
Maharashtra,Yavatmal,15643.64,13802.18,-1841.4599999999991,-11.77,48.427,42.727,-5.7,-11.77,0.00309563503123314
Uttarakhand,Pithoragarh,4679.24,2771.45,-1907.79,-40.77,14.134,8.371,-5.763,-40.77,0.0030205759909728933
Punjab,Tarn Taran,5626.12,3733.26,-1892.8599999999997,-33.64,17.153,11.382,-5.771,-33.64,0.003048815169246301
Odisha,Sambalpur,9393.64,7502.96,-1890.6799999999994,-20.13,28.937,23.113,-5.824,-20.13,0.0030804885007302816
Maharashtra,Solapur,3963.76,1836.26,-2127.5,-53.67,10.933,5.065,-5.868,-53.67,0.0027582396512402362
Nagaland,Kohima,7287.97,5373.33,-1914.6400000000003,-26.27,22.38,16.5,-5.88,-26.27,0.003070813957796204
Tripura,Khowai,14349.04,12448.38,-1900.6600000000017,-13.25,44.389,38.509,-5.88,-13.25,0.003093517057587128
Chhattisgarh,Surguja,8588.23,6659.14,-1929.0899999999992,-22.46,26.431,20.494,-5.937,-22.46,0.003077584088921699
Meghalaya,East Khasi Hills,11242.47,9311.23,-1931.2399999999998,-17.18,34.687,28.728,-5.959,-17.18,0.003085354019179059
Meghalaya,South Garo Hills,9964.04,8019.77,-1944.2700000000004,-19.51,30.706,24.714,-5.992,-19.51,0.003081681727492061
Uttarakhand,Pauri Garhwal,5107.23,3112.81,-1994.4199999999996,-39.05,15.471,9.429,-6.042,-39.05,0.0030292350256401223
Nagaland,Mon,6785.94,4803.06,-1982.8799999999992,-29.22,20.773,14.703,-6.07,-29.22,0.003061182385933268
Odisha,Cuttack,8685.7,6702.7,-1983.000000000001,-22.83,26.724,20.623,-6.101,-22.83,0.003076781376285158
Uttar Pradesh,Farrukhabad,8048.25,6062.44,-1985.8100000000004,-24.67,24.746,18.64,-6.106,-24.67,0.0030747056813593015
Arunachal Pradesh,Kurung Kumey,4205.73,1969.03,-2236.7,-53.18,11.675,5.466,-6.209,-53.18,0.0027759746821598157
Jharkhand,Lohardaga,4832.01,2761.0,-2071.01,-42.86,14.529,8.302,-6.227,-42.86,0.0030068232474684447
Telangana,Peddapalli,8096.6,6049.11,-2047.4900000000007,-25.29,24.89,18.596,-6.294,-25.29,0.0030741298816787293
Uttar Pradesh,Rae Bareli,13746.07,11688.8,-2057.2700000000004,-14.97,42.483,36.125,-6.358,-14.97,0.0030905560643878574
Uttar Pradesh,Chandauli,16742.49,14668.81,-2073.680000000002,-12.39,51.813,45.396,-6.417,-12.38,0.0030947009674188244
Puducherry,Pondicherry,5532.26,3405.85,-2126.4100000000003,-38.44,16.783,10.332,-6.451,-38.44,0.0030336607462411384
Punjab,Bhatinda,6102.66,3966.98,-2135.68,-35.0,18.574,12.074,-6.5,-35.0,0.003043590827606323
Punjab,Mansa,4797.38,2582.04,-2215.34,-46.18,14.312,7.703,-6.609,-46.18,0.002983295048547332
Rajasthan,Jaipur,17521.55,15372.91,-2148.6399999999994,-12.26,54.225,47.575,-6.65,-12.26,0.00309476045212895
Haryana,Hisar,7862.08,5651.69,-2210.3900000000003,-28.11,24.107,17.329,-6.778,-28.12,0.0030662369245797547
Odisha,Deogarh,5108.59,2824.87,-2283.7200000000003,-44.7,15.296,8.458,-6.838,-44.7,0.0029941725603346517
Mizoram,Siaha,5509.63,3168.5,-2341.13,-42.49,16.576,9.533,-7.043,-42.49,0.0030085504834262916
Bihar,Gopalganj,12582.03,10296.99,-2285.040000000001,-18.16,38.8,31.753,-7.047,-18.16,0.0030837631129475925
Chhattisgarh,Kondagaon,9572.75,7246.07,-2326.6800000000003,-24.31,29.437,22.282,-7.155,-24.31,0.003075082917656891
Arunachal Pradesh,Papum Pare,5319.48,2908.8,-2410.6799999999994,-45.32,15.908,8.699,-7.209,-45.32,0.002990517870167761
Telangana,Medak,15214.29,12862.5,-2351.790000000001,-15.46,47.003,39.737,-7.266,-15.46,0.003089398190779852
Karnataka,Davanagere,11021.46,8640.63,-2380.83,-21.6,33.927,26.598,-7.329,-21.6,0.0030782673075980863
Karnataka,Bengaluru Rural,5759.58,3298.09,-2461.49,-42.74,17.319,9.917,-7.402,-42.74,0.0030069900930276166
Jammu and Kashmir,Pulwama,5061.69,2531.48,-2530.2099999999996,-49.99,14.887,7.445,-7.442,-49.99,0.002941112553317173
Madhya Pradesh,Chhatarpur,14581.21,12148.11,-2433.0999999999985,-16.69,45.013,37.502,-7.511,-16.69,0.003087055189521309
Assam,Jorhat,6214.5,3726.59,-2487.91,-40.03,18.8,11.274,-7.526,-40.03,0.003025183039665299
Uttarakhand,Dehradun,6639.65,4112.08,-2527.5699999999997,-38.07,20.151,12.48,-7.671,-38.07,0.0030349491313548154
Nagaland,Phek,5238.2,2632.64,-2605.56,-49.74,15.449,7.764,-7.685,-49.74,0.0029492955595433546
Jharkhand,Ramgarh,7167.78,4615.31,-2552.4699999999993,-35.61,21.804,14.04,-7.764,-35.61,0.0030419460418707046
Tamil Nadu,Perambalur,16944.45,14429.33,-2515.120000000001,-14.84,52.368,44.595,-7.773,-14.84,0.0030905694785018103
Madhya Pradesh,Satna,11972.22,9430.14,-2542.08,-21.23,36.863,29.036,-7.827,-21.23,0.0030790446550430913
Arunachal Pradesh,Upper Subansiri,7021.05,4425.93,-2595.12,-36.96,21.33,13.446,-7.884,-36.96,0.0030380071356848333
Uttar Pradesh,Mainpuri,15456.53,12896.36,-2560.17,-16.56,47.716,39.812,-7.904,-16.56,0.003087109461179191
Mizoram,Lawngtlai,11603.49,9011.38,-2592.1100000000006,-22.34,35.711,27.734,-7.977,-22.34,0.003077608547083679
Himachal Pradesh,Kullu,10780.68,8173.66,-2607.0200000000004,-24.18,33.153,25.136,-8.017,-24.18,0.0030752234552922446
Gujarat,Surat,6056.62,3356.54,-2700.08,-44.58,18.141,10.054,-8.087,-44.58,0.0029952349660371624
Rajasthan,Sikar,14083.64,11456.67,-2626.9699999999993,-18.65,43.42,35.321,-8.099,-18.65,0.003083009790082678
Andhra Pradesh,Visakhapatanam,5412.52,2600.53,-2811.9900000000002,-51.95,15.606,7.498,-8.108,-51.95,0.0028833149808222417
Uttar Pradesh,Mahoba,5418.8,2556.94,-2861.86,-52.81,15.366,7.251,-8.115,-52.81,0.0028356831770871777
Punjab,Fazilka,10276.07,7589.04,-2687.0299999999997,-26.15,31.558,23.306,-8.252,-26.15,0.0030710183951646883
Jammu and Kashmir,Badgam,6208.15,3425.26,-2782.8899999999994,-44.83,18.587,10.255,-8.332,-44.83,0.0029939676070971223
Uttar Pradesh,Deoria,13884.88,11158.49,-2726.3899999999994,-19.64,42.788,34.386,-8.402,-19.64,0.0030816254803786563
Karnataka,Kalaburagi,20317.69,17601.46,-2716.2299999999996,-13.37,62.851,54.449,-8.402,-13.37,0.0030934126861862743
Odisha,Khordha,6013.72,3088.91,-2924.8100000000004,-48.64,17.812,9.149,-8.663,-48.64,0.0029618938028375115
Uttar Pradesh,Kanpur Dehat,7458.35,4600.78,-2857.5700000000006,-38.31,22.627,13.958,-8.669,-38.31,0.00303378093009848
Punjab,Sangrur,7106.44,4235.25,-2871.1899999999996,-40.4,21.484,12.804,-8.68,-40.4,0.003023173346992306
Uttar Pradesh,Shahjahanpur,13802.5,10973.56,-2828.9400000000005,-20.5,42.517,33.803,-8.714,-20.5,0.0030803839884078975
Uttar Pradesh,Kaushambi,7219.3,4338.0,-2881.3,-39.91,21.842,13.125,-8.717,-39.91,0.0030255010873630403
Bihar,Sheikhpura,5805.39,2760.75,-3044.6400000000003,-52.45,16.642,7.914,-8.728,-52.45,0.0028666463407281853
Madhya Pradesh,Rajgarh,22221.25,19387.07,-2834.1800000000003,-12.75,68.758,59.988,-8.77,-12.75,0.003094245373235079
Bihar,Kishanganj,18440.83,15567.63,-2873.2000000000025,-15.58,56.962,48.087,-8.875,-15.58,0.003088906518849748
Rajasthan,Dausa,7827.09,4895.57,-2931.5200000000004,-37.45,23.772,14.869,-8.903,-37.45,0.0030371440727013487
Karnataka,Kolar,13227.19,10321.12,-2906.0699999999997,-21.97,40.71,31.766,-8.944,-21.97,0.003077751207928517
Chhattisgarh,Gariyaband,19114.65,16183.44,-2931.210000000001,-15.33,59.055,49.999,-9.056,-15.33,0.003089515110138035
Punjab,Ludhiana,7623.67,4627.82,-2995.8500000000004,-39.3,23.087,14.015,-9.072,-39.29,0.0030283314991336194
Haryana,Fatehabad,7716.9,4712.86,-3004.04,-38.93,23.382,14.28,-9.102,-38.93,0.0030299731757571047
Andhra Pradesh,Konaseema,18237.8,15284.18,-2953.619999999999,-16.2,56.313,47.193,-9.12,-16.2,0.0030877079472304775
Bihar,Khagaria,6328.38,3234.98,-3093.4,-48.88,18.715,9.567,-9.148,-48.88,0.002957312930007364
Assam,South Salmara-Mankachar,6488.95,3404.77,-3084.18,-47.53,19.311,10.133,-9.178,-47.53,0.0029759822467425394
Assam,Tinsukia,6326.77,3203.06,-3123.7100000000005,-49.37,18.675,9.455,-9.22,-49.37,0.002951743148557637
Jharkhand,Gumla,11586.8,8585.51,-3001.289999999999,-25.9,35.597,26.376,-9.221,-25.9,0.0030722028515206964
Madhya Pradesh,Agar-Malwa,6168.18,3009.07,-3159.11,-51.22,18.009,8.785,-9.224,-51.22,0.002919661877571666
Chhattisgarh,Korea,6172.42,2942.88,-3229.54,-52.32,17.698,8.438,-9.26,-52.32,0.002867270859727627
Uttarakhand,Tehri Garhwal,9770.59,6735.49,-3035.1000000000004,-31.06,29.844,20.573,-9.271,-31.06,0.003054472657229502
Odisha,Jharsuguda,6317.7,3144.12,-3173.58,-50.23,18.566,9.24,-9.326,-50.23,0.0029387277015369517
Gujarat,Mahisagar,6275.58,3053.76,-3221.8199999999997,-51.34,18.288,8.899,-9.389,-51.34,0.002914152954786649
Telangana,Rajanna Sirsilla,7058.77,3920.6,-3138.1700000000005,-44.46,21.152,11.748,-9.404,-44.46,0.0029965560572167674
Punjab,Mukatsar,7013.74,3843.88,-3169.8599999999997,-45.2,20.977,11.496,-9.481,-45.2,0.002990843686820441
Punjab,Ferozepur,6398.42,3144.98,-3253.44,-50.85,18.725,9.204,-9.521,-50.85,0.0029265037306084943
Bihar,Purnia,22222.05,19114.7,-3107.3499999999985,-13.98,68.712,59.104,-9.608,-13.98,0.003092063963495717
Tamil Nadu,Namakkal,31075.52,27952.13,-3123.3899999999994,-10.05,96.33,86.648,-9.682,-10.05,0.0030998676771941385
Uttar Pradesh,Saharanpur,6831.21,3533.99,-3297.2200000000003,-48.27,20.278,10.49,-9.788,-48.27,0.0029684345818676338
Chhattisgarh,Mahasamund,17648.72,14465.2,-3183.5200000000004,-18.04,54.426,44.609,-9.817,-18.04,0.003083849706947586
Jharkhand,Saraikela Kharsawan,10505.71,7268.07,-3237.6399999999994,-30.82,32.093,22.203,-9.89,-30.82,0.003054814953011268
Uttar Pradesh,Mathura,9033.34,5772.14,-3261.2,-36.1,27.459,17.546,-9.913,-36.1,0.0030397394540668233
Andhra Pradesh,Guntur,10211.65,6951.7,-3259.95,-31.92,31.173,21.221,-9.952,-31.93,0.003052689819960535
Madhya Pradesh,Shivpuri,26932.63,23696.11,-3236.5200000000004,-12.02,83.363,73.345,-10.018,-12.02,0.003095241719802336
Karnataka,Gadag,12838.55,9560.35,-3278.199999999999,-25.53,39.466,29.389,-10.077,-25.53,0.0030740231568206692
Uttar Pradesh,Sambhal,7993.51,4636.23,-3357.2800000000007,-42.0,24.058,13.954,-10.104,-42.0,0.0030096916123204948
Odisha,Jagatsinghapur,7253.97,3841.83,-3412.1400000000003,-47.04,21.603,11.441,-10.162,-47.04,0.002978093375075993
Tamil Nadu,Kanniyakumari,6861.06,3288.07,-3572.9900000000002,-52.08,19.75,9.465,-10.285,-52.08,0.0028785639536747965
Andhra Pradesh,West Godavari,12900.53,9479.69,-3420.84,-26.52,39.612,29.108,-10.504,-26.52,0.0030705715191546392
Uttar Pradesh,Budaun,11879.83,8437.69,-3442.1399999999994,-28.97,36.384,25.842,-10.542,-28.97,0.0030626700887133908
Rajasthan,Bharatpur,9570.23,6091.69,-3478.54,-36.35,29.088,18.515,-10.573,-36.35,0.0030394253847608682
Karnataka,Shivamogga,8927.15,5408.1,-3519.0499999999993,-39.42,27.02,16.369,-10.651,-39.42,0.003026721854119176
Chhattisgarh,Janjgir-Champa,8333.67,4782.32,-3551.3500000000004,-42.61,25.066,14.384,-10.682,-42.62,0.003007798484941208
Odisha,Bargarh,15065.08,11588.6,-3476.4799999999996,-23.08,46.35,35.654,-10.696,-23.08,0.003076651434974126
Chhattisgarh,Dhamtari,12991.11,9482.4,-3508.710000000001,-27.01,39.884,29.112,-10.772,-27.01,0.003070099475718395
Uttar Pradesh,Etawah,8058.23,4396.51,-3661.7199999999993,-45.44,24.09,13.143,-10.947,-45.44,0.002989490247858401
Bihar,Rohtas,15146.97,11577.15,-3569.8199999999997,-23.57,46.591,35.61,-10.981,-23.57,0.003075928717096555
Jammu and Kashmir,Shopian,7701.22,4003.0,-3698.2200000000003,-48.02,22.892,11.899,-10.993,-48.02,0.0029725160429126814
Maharashtra,Beed,33055.04,29448.36,-3606.6800000000003,-10.91,102.395,91.223,-11.172,-10.91,0.0030977121794437397
Assam,Bongaigaon,7557.33,3751.76,-3805.5699999999997,-50.36,22.203,11.022,-11.181,-50.36,0.002937942368534919
Manipur,Imphal East,7590.64,3749.64,-3841.0000000000005,-50.6,22.268,11.0,-11.268,-50.6,0.002933612975980945
Arunachal Pradesh,East Kameng,8482.38,4721.73,-3760.6499999999996,-44.33,25.423,14.152,-11.271,-44.33,0.002997154100617987
Jharkhand,Pakur,9798.36,6080.37,-3717.9900000000007,-37.95,29.745,18.458,-11.287,-37.95,0.0030357120987593842
Rajasthan,Bhilwara,94400.36,90731.89,-3668.470000000001,-3.89,292.655,281.282,-11.373,-3.89,0.003100147075710304
Madhya Pradesh,Shahdol,11492.63,7724.89,-3767.739999999999,-32.78,35.052,23.561,-11.491,-32.78,0.0030499546230932347
Bihar,Jamui,23223.95,19491.36,-3732.59,-16.07,71.71,60.185,-11.525,-16.07,0.0030877606953166876
Himachal Pradesh,Mandi,31416.05,27679.36,-3736.6899999999987,-11.89,97.241,85.675,-11.566,-11.89,0.0030952649998965496
Uttar Pradesh,Mirzapur,13951.05,10165.93,-3785.119999999999,-27.13,42.807,31.193,-11.614,-27.13,0.0030683711978668274
Assam,Morigaon,8998.0,5130.38,-3867.62,-42.98,27.045,15.42,-11.625,-42.98,0.003005667926205824
Madhya Pradesh,Mandsaur,11147.64,7314.92,-3832.7199999999993,-34.38,33.957,22.282,-11.675,-34.38,0.00304611559038505
Telangana,Kumram Bheem(Asifabad),12195.04,8331.89,-3863.1500000000015,-31.68,37.235,25.44,-11.795,-31.68,0.0030532905181122815
Bihar,Lakhisarai,9286.14,5351.72,-3934.419999999999,-42.37,27.947,16.106,-11.841,-42.37,0.0030095389472913395
Rajasthan,Sawai Madhopur,10233.72,6287.66,-3946.0599999999995,-38.56,31.027,19.063,-11.964,-38.56,0.0030318398392764315
Assam,Barpeta,13092.87,9170.54,-3922.33,-29.96,40.03,28.038,-11.992,-29.96,0.0030573892507906974
Chhattisgarh,Kawardha,22293.71,18354.5,-3939.209999999999,-17.67,68.771,56.619,-12.152,-17.67,0.003084771444501611
Uttar Pradesh,Mau,15745.57,11783.14,-3962.4300000000003,-25.17,48.407,36.225,-12.182,-25.17,0.003074325032374185
Maharashtra,Parbhani,19576.93,15588.52,-3988.41,-20.37,60.305,48.019,-12.286,-20.37,0.0030804114843338564
Andhra Pradesh,Krishna,24599.81,20585.63,-4014.1800000000003,-16.32,75.951,63.557,-12.394,-16.32,0.0030874628706481877
Jharkhand,Dhanbad,10106.98,5961.4,-4145.58,-41.02,30.523,18.003,-12.52,-41.02,0.0030199921242547233
Maharashtra,Nanded,16435.09,12359.73,-4075.3600000000006,-24.8,50.533,38.002,-12.531,-24.8,0.0030747017509487324
Madhya Pradesh,Alirajpur,11206.02,7022.75,-4183.27,-37.33,34.036,21.33,-12.706,-37.33,0.0030372960248152333
Kerala,Kasargod,15617.41,11456.94,-4160.469999999999,-26.64,47.949,35.175,-12.774,-26.64,0.0030702273936587436
Odisha,Bolangir,37227.87,33074.39,-4153.480000000003,-11.16,115.313,102.448,-12.865,-11.16,0.003097491207528123
Bihar,Darbhanga,23080.98,18860.85,-4220.130000000001,-18.28,71.174,58.161,-13.013,-18.28,0.0030836645584372937
Jammu and Kashmir,Rajauri,11659.74,7364.4,-4295.34,-36.84,35.432,22.379,-13.053,-36.84,0.003038832769855932
Telangana,Mahabubnagar,11368.56,7068.73,-4299.83,-37.82,34.521,21.464,-13.057,-37.82,0.003036532331271507
Tamil Nadu,Tirupathur,24371.0,20124.63,-4246.369999999999,-17.42,75.181,62.082,-13.099,-17.42,0.0030848549505559887
Karnataka,Mandya,10000.56,5615.98,-4384.58,-43.84,29.99,16.841,-13.149,-43.84,0.002998832065404337
Tamil Nadu,Theni,9416.16,4998.54,-4417.62,-46.92,28.044,14.887,-13.157,-46.92,0.00297828414130601
Karnataka,Chikkamagaluru,10163.26,5757.31,-4405.95,-43.35,30.52,17.289,-13.231,-43.35,0.0030029734553676675
Bihar,Kaimur (Bhabua),13139.31,8783.28,-4356.029999999999,-33.15,40.072,26.787,-13.285,-33.15,0.003049779630741645
Telangana,Yadadri Bhuvanagiri,10817.09,6366.95,-4450.14,-41.14,32.66,19.224,-13.436,-41.14,0.0030192963172165524
Kerala,Ernakulam,16332.63,11941.49,-4391.139999999999,-26.89,50.143,36.662,-13.481,-26.89,0.003070111794609931
Jharkhand,West Singhbhum,13062.75,8635.79,-4426.959999999999,-33.89,39.813,26.32,-13.493,-33.89,0.0030478268358500316
Bihar,Buxar,14525.43,9995.45,-4529.98,-31.19,44.359,30.525,-13.834,-31.19,0.0030538854959887593
Telangana,Kamareddy,11208.11,6624.65,-4583.460000000001,-40.89,33.849,20.007,-13.842,-40.89,0.003020045306478969
Kerala,Thrissur,17136.16,12613.21,-4522.950000000001,-26.39,52.62,38.731,-13.889,-26.39,0.003070699619984874
Jammu and Kashmir,Kishtwar,10675.56,6021.28,-4654.28,-43.6,32.052,18.078,-13.974,-43.6,0.0030023717725346493
Kerala,Kollam,32134.23,27561.87,-4572.360000000001,-14.23,99.336,85.202,-14.134,-14.23,0.0030912830336995785
Uttarakhand,Uttar Kashi,9782.79,4964.76,-4818.030000000001,-49.25,28.905,14.669,-14.236,-49.25,0.0029546785732904417
Madhya Pradesh,Ashok Nagar,10090.65,5232.59,-4858.0599999999995,-48.14,29.983,15.548,-14.435,-48.14,0.0029713645800815607
Telangana,Jagtial,12077.76,7301.92,-4775.84,-39.54,36.55,22.097,-14.453,-39.54,0.0030262234056646262
Telangana,Bhadradri Kothagudem,15382.72,10623.19,-4759.529999999999,-30.94,46.989,32.45,-14.539,-30.94,0.003054661334276383
Jammu and Kashmir,Anantnag,12580.24,7775.75,-4804.49,-38.19,38.173,23.594,-14.579,-38.19,0.003034361824575684
Jammu and Kashmir,Kupwara,11655.79,6817.64,-4838.150000000001,-41.51,35.136,20.552,-14.584,-41.51,0.0030144674878322276
Madhya Pradesh,Sidhi,14405.6,9612.06,-4793.540000000001,-33.28,43.931,29.313,-14.618,-33.27,0.0030495779419114784
Bihar,Banka,12494.38,7645.91,-4848.469999999999,-38.81,37.859,23.168,-14.691,-38.8,0.0030300823250133265
Tripura,Unakoti,9852.59,4745.94,-5106.650000000001,-51.83,28.625,13.789,-14.836,-51.83,0.0029053274316702513
Uttar Pradesh,Pilibhit,11031.89,5951.13,-5080.759999999999,-46.06,32.918,17.758,-15.16,-46.05,0.0029838948720482166
Uttar Pradesh,Agra,15626.13,10618.47,-5007.66,-32.05,47.698,32.412,-15.286,-32.05,0.003052451246725837
Tamil Nadu,Erode,24857.32,19884.77,-4972.549999999999,-20.0,76.578,61.259,-15.319,-20.0,0.003080702183501681
Madhya Pradesh,Morena,34110.69,29131.35,-4979.340000000004,-14.6,105.44,90.048,-15.392,-14.6,0.0030911130792135835
Karnataka,Vijayanagara,25389.56,20372.94,-5016.620000000003,-19.76,78.238,62.779,-15.459,-19.76,0.0030815027909109095
Rajasthan,Jaisalmer,28228.2,23205.7,-5022.5,-17.79,87.069,71.577,-15.492,-17.79,0.003084468722766595
Assam,Sribhumi,10705.51,5446.19,-5259.320000000001,-49.13,31.642,16.097,-15.545,-49.13,0.002955674227570662
Odisha,Jajpur,14768.5,9636.43,-5132.07,-34.75,44.956,29.334,-15.622,-34.75,0.003044046450214985
Chhattisgarh,Bemetara,11270.73,6024.58,-5246.15,-46.55,33.581,17.95,-15.631,-46.55,0.0029794875753389534
Bihar,Siwan,15167.17,10008.39,-5158.780000000001,-34.01,46.217,30.497,-15.72,-34.01,0.0030471735992937377
Chhattisgarh,Rajnandagon,19265.1,14109.22,-5155.879999999999,-26.76,59.147,43.318,-15.829,-26.76,0.003070163144753985
Karnataka,Chitradurga,21709.29,16539.51,-5169.7800000000025,-23.81,66.764,50.865,-15.899,-23.81,0.0030753654311126708
Maharashtra,Chandrapur,15860.59,10641.36,-5219.23,-32.91,48.374,32.456,-15.918,-32.91,0.003049949592039136
Telangana,Khammam,17730.07,12505.69,-5224.379999999999,-29.47,54.24,38.258,-15.982,-29.47,0.003059209580108821
Tamil Nadu,Chengalpattu,44352.99,39186.56,-5166.43,-11.65,137.324,121.328,-15.996,-11.65,0.0030961610479924807
Telangana,Siddipet,16550.5,11287.28,-5263.219999999999,-31.8,50.524,34.457,-16.067,-31.8,0.003052717440560708
Uttar Pradesh,Siddharth Nagar,38670.42,33453.14,-5217.279999999999,-13.49,119.606,103.469,-16.137,-13.49,0.0030929583904183095
Andhra Pradesh,East Godavari,16298.18,10995.04,-5303.139999999999,-32.54,49.721,33.543,-16.178,-32.54,0.0030507087294409556
Bihar,Madhubani,19049.13,13740.38,-5308.750000000002,-27.87,58.436,42.151,-16.285,-27.87,0.0030676466589287803
Tamil Nadu,Vellore,29494.2,24210.2,-5284.0,-17.92,90.968,74.671,-16.297,-17.92,0.0030842674152884294
Tamil Nadu,Krishnagiri,43663.8,38363.03,-5300.770000000004,-12.14,135.148,118.741,-16.407,-12.14,0.0030951955624567715
Odisha,Nayagarh,11212.54,5621.47,-5591.070000000001,-49.86,33.051,16.57,-16.481,-49.87,0.002947681791993607
Assam,Dhemaji,12639.38,7066.8,-5572.579999999999,-44.09,37.891,21.185,-16.706,-44.09,0.00299785274277694
Jharkhand,Sahebganj,11586.22,5908.47,-5677.749999999999,-49.0,34.255,17.469,-16.786,-49.0,0.0029565293944012806
Karnataka,Ballari,19907.49,14408.45,-5499.040000000001,-27.62,61.079,44.207,-16.872,-27.62,0.0030681416893842467
Kerala,Idukki,19680.39,14171.53,-5508.859999999999,-27.99,60.368,43.47,-16.898,-27.99,0.0030674188875322085
Jharkhand,Bokaro,11878.92,5984.75,-5894.17,-49.62,35.039,17.653,-17.386,-49.62,0.0029496789270405054
Chhattisgarh,Korba,16428.77,10699.57,-5729.200000000001,-34.87,50.009,32.569,-17.44,-34.87,0.003043989294390268
Andhra Pradesh,Eluru,44777.06,39011.01,-5766.049999999996,-12.88,138.542,120.702,-17.84,-12.88,0.0030940396712066404
Madhya Pradesh,Dindori,34354.32,28537.33,-5816.989999999998,-16.93,106.032,88.078,-17.954,-16.93,0.0030864240654450443
Jharkhand,Dumka,19560.89,13676.85,-5884.039999999999,-30.08,59.795,41.808,-17.987,-30.08,0.0030568649994964442
Bihar,Madhepura,13501.05,7432.43,-6068.619999999999,-44.95,40.407,22.244,-18.163,-44.95,0.0029928783316853134
Telangana,Nagarkurnool,12573.15,6349.96,-6223.19,-49.5,37.094,18.734,-18.36,-49.5,0.002950255107113174
Uttar Pradesh,Gonda,17503.83,11464.25,-6039.580000000002,-34.5,53.301,34.91,-18.391,-34.5,0.003045104985594581
Telangana,Nizamabad,17658.02,11435.05,-6222.970000000001,-35.24,53.73,34.795,-18.935,-35.24,0.003042810009276238
Jharkhand,Jamtara,20568.99,14305.89,-6263.100000000002,-30.45,62.862,43.721,-19.141,-30.45,0.003056153948249282
Uttar Pradesh,Unnao,13057.29,6401.94,-6655.350000000001,-50.97,38.208,18.733,-19.475,-50.97,0.002926181466445181
Rajasthan,Karauli,17525.15,11112.12,-6413.030000000001,-36.59,53.259,33.77,-19.489,-36.59,0.0030390039457579535
Andhra Pradesh,Sri Sathya Sai,25353.43,18848.53,-6504.9000000000015,-25.66,77.929,57.935,-19.994,-25.66,0.0030737063979114462
Kerala,Kannur,19993.16,13291.2,-6701.959999999999,-33.52,60.959,40.525,-20.434,-33.52,0.003048992755522389
Telangana,Suryapet,18826.77,12099.37,-6727.4,-35.73,57.27,36.806,-20.464,-35.73,0.0030419450601457394
Chhattisgarh,Bilaspur,17774.57,10898.96,-6875.610000000001,-38.68,53.889,33.044,-20.845,-38.68,0.003031803301008126
Uttar Pradesh,Prayagraj,22524.73,15610.76,-6913.969999999999,-30.7,68.823,47.698,-21.125,-30.69,0.0030554417300451544
Chhattisgarh,Raipur,18537.01,11571.48,-6965.529999999999,-37.58,56.296,35.142,-21.154,-37.58,0.003036951482466698
Bihar,Samastipur,32305.67,25406.46,-6899.209999999999,-21.36,99.467,78.225,-21.242,-21.36,0.0030789332027473817
Tamil Nadu,Ramanathapuram,41687.57,34680.12,-7007.449999999997,-16.81,128.688,107.056,-21.632,-16.81,0.0030869633322354838
Tamil Nadu,Tiruppur,23479.32,16387.75,-7091.57,-30.2,71.769,50.092,-21.677,-30.2,0.003056689887100649
Tamil Nadu,Tiruchirappalli,54490.94,47340.09,-7150.850000000006,-13.12,168.57,146.449,-22.121,-13.12,0.0030935417887817678
Andhra Pradesh,Nandyal,24847.5,17556.42,-7291.080000000002,-29.34,76.018,53.712,-22.306,-29.34,0.0030593822316128385
Jharkhand,Chatra,21955.6,14622.78,-7332.819999999998,-33.4,66.943,44.585,-22.358,-33.4,0.0030490171072528193
Bihar,Patna,17539.71,9979.04,-7560.669999999998,-43.11,52.714,29.991,-22.723,-43.11,0.00300540886935987
Andhra Pradesh,Ntr,26283.74,18829.6,-7454.140000000003,-28.36,80.562,57.714,-22.848,-28.36,0.0030650889104822977
Odisha,Rayagada,19493.96,11641.84,-7852.119999999999,-40.28,58.939,35.199,-23.74,-40.28,0.0030234493145569192
Andhra Pradesh,Parvathipuram Manyam,40379.38,32649.08,-7730.299999999996,-19.14,124.461,100.634,-23.827,-19.14,0.003082291010907052
Rajasthan,Sirohi,22695.84,14836.9,-7858.9400000000005,-34.63,69.095,45.169,-23.926,-34.63,0.0030443905138562836
Rajasthan,Sri Ganganagar,41862.27,34002.4,-7859.869999999995,-18.78,129.061,104.829,-24.232,-18.78,0.003082990960595305
Rajasthan,Baran,20527.88,12486.33,-8041.550000000001,-39.17,62.171,37.816,-24.355,-39.17,0.0030286127939173455
Bihar,Purbi Champaran,37116.16,29144.01,-7972.150000000005,-21.48,114.254,89.713,-24.541,-21.48,0.0030782818050143117
Uttar Pradesh,Sultanpur,26398.79,18328.12,-8070.670000000002,-30.57,80.666,56.005,-24.661,-30.57,0.0030556703545882215
Jharkhand,Latehar,19800.82,11630.45,-8170.369999999999,-41.26,59.779,35.113,-24.666,-41.26,0.0030190163841699487
Odisha,Koraput,36972.97,28940.71,-8032.260000000002,-21.72,113.809,89.084,-24.725,-21.72,0.0030781676451742987
Rajasthan,Chittorgarh,18800.25,10488.29,-8311.96,-44.21,56.353,31.438,-24.915,-44.21,0.002997460140157711
Bihar,Sitamarhi,22551.06,14188.04,-8363.02,-37.08,68.505,43.1,-25.405,-37.08,0.003037772947258355
Maharashtra,Gondia,23540.87,14955.41,-8585.46,-36.47,71.548,45.454,-26.094,-36.47,0.003039309932045842
Uttar Pradesh,Bahraich,38979.21,30367.4,-8611.809999999998,-22.09,119.968,93.463,-26.505,-22.09,0.003077743237997897
Tamil Nadu,Tenkasi,20610.86,11650.36,-8960.5,-43.47,61.886,34.981,-26.905,-43.48,0.003002591837507023
Tamil Nadu,Kallakurichi,37629.53,28807.28,-8822.25,-23.45,115.753,88.615,-27.138,-23.44,0.003076121333431483
Kerala,Thiruvananthapuram,43243.28,34273.91,-8969.369999999995,-20.74,133.2,105.572,-27.628,-20.74,0.003080247381789725
Karnataka,Koppal,31759.45,22635.3,-9124.150000000001,-28.73,97.29,69.34,-27.95,-28.73,0.0030633402026798325
Uttar Pradesh,Jalaun,27171.71,17996.63,-9175.079999999998,-33.77,82.815,54.851,-27.964,-33.77,0.003047839094411062
Bihar,Pashchim Champaran,20315.27,10834.22,-9481.050000000001,-46.67,60.516,32.273,-28.243,-46.67,0.002978843008239615
Uttar Pradesh,Hardoi,27459.15,18085.78,-9373.370000000003,-34.14,83.654,55.098,-28.556,-34.14,0.003046489057381601
Madhya Pradesh,Damoh,21188.77,11638.54,-9550.23,-45.07,63.395,34.822,-28.573,-45.07,0.0029919150568909854
Andhra Pradesh,Y.S.R,25811.96,16207.92,-9604.039999999999,-37.21,78.404,49.232,-29.172,-37.21,0.003037506644206794
Andhra Pradesh,Palnadu,27625.5,17923.77,-9701.73,-35.12,84.071,54.546,-29.525,-35.12,0.0030432390363975314
Chhattisgarh,Kanker,22921.11,12899.9,-10021.210000000001,-43.72,68.792,38.716,-30.076,-43.72,0.003001250812024374
Madhya Pradesh,Chhindwara,27193.27,17208.94,-9984.330000000002,-36.72,82.639,52.297,-30.342,-36.72,0.003038950446194959
Tamil Nadu,Ariyalur,23484.03,13332.14,-10151.89,-43.23,70.53,40.041,-30.489,-43.23,0.0030033175736873105
Jharkhand,Deoghar,21601.06,11307.59,-10293.470000000001,-47.65,64.252,33.634,-30.618,-47.65,0.002974483659598186
Andhra Pradesh,Anakapalli,39648.04,29573.03,-10075.010000000002,-25.41,121.88,90.909,-30.971,-25.41,0.0030740485532197805
Tamil Nadu,Tiruvarur,25860.39,14935.45,-10924.939999999999,-42.25,77.831,44.951,-32.88,-42.25,0.0030096607205073087
Uttar Pradesh,Maharajganj,26253.87,15324.01,-10929.859999999999,-41.63,79.117,46.179,-32.938,-41.63,0.0030135366709746034
Tamil Nadu,Dindigul,53180.11,42411.08,-10769.029999999999,-20.25,163.82,130.646,-33.174,-20.25,0.0030804750121803054
Andhra Pradesh,Srikakulam,70605.71,59865.18,-10740.530000000006,-15.21,218.176,184.987,-33.189,-15.21,0.003090061696143272
Andhra Pradesh,Chittoor,26441.2,15400.86,-11040.34,-41.75,79.667,46.403,-33.264,-41.75,0.003012987307686489
Andhra Pradesh,Tirupati,36139.55,25179.73,-10959.820000000003,-30.33,110.467,76.966,-33.501,-30.33,0.0030566789016465336
Odisha,Nabarangapur,25077.8,13651.44,-11426.359999999999,-45.56,74.931,40.79,-34.141,-45.56,0.0029879415259711777
Meghalaya,West Garo Hills,27153.29,15782.25,-11371.04,-41.88,81.759,47.521,-34.238,-41.88,0.003011016344612384
Telangana,Nalgonda,25011.09,13399.99,-11611.1,-46.42,74.523,39.927,-34.596,-46.42,0.002979598250216204
Kerala,Palakkad,27297.64,15799.06,-11498.58,-42.12,82.157,47.55,-34.607,-42.12,0.00300967409636877
Gujarat,Dohad,38394.67,26986.86,-11407.809999999998,-29.71,117.453,82.555,-34.898,-29.71,0.0030590964839650923
Karnataka,Raichur,40032.66,28630.09,-11402.570000000003,-28.48,122.661,87.723,-34.938,-28.48,0.0030640232250367574
Kerala,Alappuzha,36283.61,24834.25,-11449.36,-31.56,110.786,75.827,-34.959,-31.56,0.0030533345496768375
Rajasthan,Bikaner,47680.77,36209.05,-11471.719999999994,-24.06,146.633,111.354,-35.279,-24.06,0.0030753068794820222
Andhra Pradesh,Bapatla,23822.11,11796.97,-12025.140000000001,-50.48,69.958,34.644,-35.314,-50.48,0.002936683610309918
Jharkhand,Giridih,32352.82,20633.12,-11719.7,-36.22,98.336,62.714,-35.622,-36.22,0.0030394877478995648
Tamil Nadu,Madurai,46689.49,35054.65,-11634.839999999997,-24.92,143.556,107.782,-35.774,-24.92,0.0030746962539106772
Odisha,Kalahandi,36219.28,24389.66,-11829.619999999999,-32.66,110.476,74.393,-36.083,-32.66,0.003050198678714762
Tamil Nadu,Karur,25090.37,12918.33,-12172.039999999999,-48.51,74.39,38.301,-36.089,-48.51,0.0029648825425850635
Madhya Pradesh,Balaghat,30864.13,18090.8,-12773.330000000002,-41.39,93.131,54.588,-38.543,-41.39,0.0030174510021827926
Andhra Pradesh,Nellore,38746.46,25948.6,-12797.86,-33.03,118.173,79.141,-39.032,-33.03,0.0030499044299788936
Odisha,Ganjam,62410.28,49542.05,-12868.229999999996,-20.62,192.247,152.608,-39.639,-20.62,0.0030803739383960466
Maharashtra,Chatrapati Sambhaji Nagar,36589.56,23470.0,-13119.559999999998,-35.86,111.3,71.392,-39.908,-35.86,0.003041851282169012
Tamil Nadu,Thoothukkudi,29469.93,16006.14,-13463.79,-45.69,88.007,47.8,-40.207,-45.69,0.002986332169774411
Tamil Nadu,Sivagangai,40002.31,26298.09,-13704.219999999998,-34.26,121.862,80.114,-41.748,-34.26,0.003046374071897348
Rajasthan,Pali,29499.13,15405.77,-14093.36,-47.78,87.739,45.821,-41.918,-47.78,0.002974291106212285
Rajasthan,Churu,35531.58,21263.21,-14268.370000000003,-40.16,107.447,64.3,-43.147,-40.16,0.003023985986550556
Tamil Nadu,Tiruvallur,54679.45,40583.21,-14096.239999999998,-25.78,168.018,124.703,-43.315,-25.78,0.0030727814562875088
Rajasthan,Pratapgarh,36964.57,21984.49,-14980.079999999998,-40.53,111.744,66.459,-45.285,-40.53,0.0030230028375820414
Rajasthan,Udaipur,55898.13,40663.46,-15234.669999999998,-27.25,171.514,124.769,-46.745,-27.25,0.0030683316239738254
Uttar Pradesh,Sitapur,39551.34,23814.56,-15736.779999999995,-39.79,119.671,72.056,-47.615,-39.79,0.003025712908842027
Rajasthan,Jhalawar,56659.14,40172.71,-16486.43,-29.1,173.494,123.011,-50.483,-29.1,0.0030620655378814435
Rajasthan,Ajmer,79527.14,62934.18,-16592.96,-20.86,244.94,193.834,-51.106,-20.86,0.003079954843088787
Tamil Nadu,Dharmapuri,38280.99,20744.7,-17536.289999999997,-45.81,114.283,61.931,-52.352,-45.81,0.002985372112894677
Tamil Nadu,Thanjavur,51945.1,33574.97,-18370.129999999997,-35.36,158.056,102.16,-55.896,-35.36,0.003042750904320138
Tamil Nadu,Villupuram,62682.12,44135.05,-18547.07,-29.59,191.754,135.016,-56.738,-29.59,0.0030591498819759126
Odisha,Mayurbhanj,50655.25,31558.6,-19096.65,-37.7,153.825,95.834,-57.991,-37.7,0.0030367039941565778
Rajasthan,Barmer,98957.12,76486.19,-22470.929999999993,-22.71,304.473,235.334,-69.139,-22.71,0.0030768175144951673
Tamil Nadu,Tiruvannamalai,101473.57,77932.45,-23541.12000000001,-23.2,312.154,239.737,-72.417,-23.2,0.0030762098938669448
