state,district,financial_year,households_demanded,households_offered,households_availed,person_days_lakhs,expenditure_lakhs,avg_wage_rate,works_completed
Maharashtra,Ahmednagar,2014-15,20242.0,19839.0,18703.0,7.032,1377.49,162,243.0
Maharashtra,Ahmednagar,2015-16,21845.0,20293.0,18680.0,7.355,1611.1,174,248.0
Maharashtra,Ahmednagar,2016-17,22307.0,,19102.0,7.486,1769.86,183,142.0
Maharashtra,Ahmednagar,2017-18,23927.0,23282.0,21231.0,8.168,2165.45,194,
Maharashtra,Ahmednagar,2018-19,22112.0,21065.0,18620.0,7.857,1945.9,203,232.0
Maharashtra,Ahmednagar,2019-20,29513.0,27825.0,25413.0,9.78,2659.32,213,207.0
Maharashtra,Ahmednagar,2020-21,33653.0,31495.0,29614.0,11.651,3523.87,238,374.0
Maharashtra,Ahmednagar,2021-22,25389.0,,23654.0,8.923,2882.48,256,204.0
Maharashtra,Ahmednagar,2022-23,26469.0,24721.0,21770.0,9.454,3441.64,273,
Maharashtra,Ahmednagar,2023-24,23320.0,22203.0,20675.0,7.856,2763.86,289,
Maharashtra,Akola,2014-15,21439.0,20572.0,19519.0,7.426,1634.24,162,203.0
Maharashtra,Akola,2015-16,24981.0,23036.0,21177.0,8.787,1957.06,174,
Maharashtra,Akola,2016-17,22010.0,20339.0,18413.0,7.792,1846.3,183,227.0
Maharashtra,Akola,2017-18,25450.0,24597.0,22544.0,8.571,2314.44,194,178.0
Maharashtra,Akola,2018-19,25259.0,24515.0,22592.0,9.064,2336.89,203,240.0
Maharashtra,Akola,2019-20,29739.0,28288.0,25863.0,10.094,2786.93,213,289.0
Maharashtra,Akola,2020-21,33134.0,30756.0,,11.892,3989.67,238,355.0
Maharashtra,Akola,2021-22,32791.0,31955.0,30182.0,10.865,3682.15,256,245.0
Maharashtra,Akola,2022-23,28655.0,27276.0,24499.0,9.55,3381.66,273,265.0
Maharashtra,Akola,2023-24,28768.0,27994.0,26447.0,9.626,3674.06,289,275.0
Maharashtra,Amravati,2014-15,39663.0,36724.0,33691.0,13.518,2696.53,162,356.0
Maharashtra,Amravati,2015-16,38158.0,35381.0,33006.0,13.622,2974.97,174,459.0
Maharashtra,Amravati,2016-17,,35116.0,30974.0,12.797,3279.21,183,335.0
Maharashtra,Amravati,2017-18,38663.0,36887.0,34089.0,13.883,3761.08,194,384.0
Maharashtra,Amravati,2018-19,34470.0,32512.0,30134.0,12.166,3221.76,203,223.0
Maharashtra,Amravati,2019-20,,,41836.0,16.135,4274.35,213,474.0
Maharashtra,Amravati,2020-21,61030.0,59431.0,52875.0,20.657,6845.64,238,452.0
Maharashtra,Amravati,2021-22,46548.0,44032.0,,16.001,5622.3,256,374.0
Maharashtra,Amravati,2022-23,47581.0,,41079.0,16.756,6386.27,273,348.0
Maharashtra,Amravati,2023-24,43027.0,42573.0,40880.0,14.952,5883.64,289,495.0
Maharashtra,Aurangabad,2014-15,18576.0,17500.0,,6.406,1343.44,162,
Maharashtra,Aurangabad,2015-16,20851.0,19565.0,18866.0,7.045,1495.47,174,141.0
Maharashtra,Aurangabad,2016-17,21967.0,20485.0,19131.0,7.836,1910.27,183,167.0
Maharashtra,Aurangabad,2017-18,20085.0,19844.0,,6.768,1579.11,194,123.0
Maharashtra,Aurangabad,2018-19,23358.0,22597.0,20133.0,8.349,2147.22,203,248.0
Maharashtra,Aurangabad,2019-20,20552.0,,18948.0,7.299,2033.85,213,147.0
Maharashtra,Aurangabad,2020-21,30261.0,28875.0,27132.0,10.647,3412.02,238,243.0
Maharashtra,Aurangabad,2021-22,24029.0,23040.0,21589.0,8.676,2656.25,256,176.0
Maharashtra,Aurangabad,2022-23,25628.0,24647.0,23759.0,8.494,3060.18,273,220.0
Maharashtra,Aurangabad,2023-24,21779.0,,19286.0,7.869,2998.13,289,172.0
Maharashtra,Beed,2014-15,28243.0,27699.0,25878.0,9.664,2209.08,162,235.0
Maharashtra,Beed,2015-16,32763.0,32131.0,29587.0,11.164,2677.14,174,245.0
Maharashtra,Beed,2016-17,29088.0,26975.0,23899.0,9.768,2587.32,183,200.0
Maharashtra,Beed,2017-18,34840.0,32403.0,31200.0,12.247,3235.24,194,279.0
Maharashtra,Beed,2018-19,31824.0,29325.0,25952.0,11.392,3153.27,203,215.0
Maharashtra,Beed,2019-20,36700.0,34775.0,31597.0,12.474,3797.93,213,410.0
Maharashtra,Beed,2020-21,43929.0,40972.0,36928.0,15.833,5194.27,238,438.0
Maharashtra,Beed,2021-22,39345.0,37226.0,34513.0,14.173,4894.12,256,455.0
Maharashtra,Beed,2022-23,38732.0,35902.0,,12.883,5307.46,273,
Maharashtra,Beed,2023-24,35649.0,,32683.0,12.01,4704.75,289,325.0
Maharashtra,Bhandara,2014-15,22081.0,21029.0,19234.0,7.388,1648.99,162,166.0
Maharashtra,Bhandara,2015-16,21778.0,,18623.0,7.538,1739.69,174,182.0
Maharashtra,Bhandara,2016-17,22131.0,21422.0,19423.0,7.73,2031.75,183,259.0
Maharashtra,Bhandara,2017-18,26104.0,,23903.0,9.161,2452.89,194,290.0
Maharashtra,Bhandara,2018-19,24672.0,23195.0,21945.0,8.421,2213.96,203,
Maharashtra,Bhandara,2019-20,26058.0,24146.0,22825.0,8.909,2415.31,213,
Maharashtra,Bhandara,2020-21,,36530.0,34098.0,12.412,4149.77,238,
Maharashtra,Bhandara,2021-22,,26081.0,23174.0,9.588,3370.76,256,200.0
Maharashtra,Bhandara,2022-23,29793.0,28381.0,26310.0,10.225,3911.59,273,
Maharashtra,Bhandara,2023-24,30199.0,29751.0,26501.0,10.339,3821.27,289,201.0
Maharashtra,Buldhana,2014-15,29562.0,28799.0,27082.0,10.289,2170.58,162,342.0
Maharashtra,Buldhana,2015-16,30594.0,28926.0,26273.0,10.794,2384.23,174,221.0
Maharashtra,Buldhana,2016-17,33434.0,31656.0,29936.0,11.616,2855.28,183,393.0
Maharashtra,Buldhana,2017-18,32847.0,31084.0,30114.0,11.369,3030.37,194,388.0
Maharashtra,Buldhana,2018-19,36613.0,35316.0,31465.0,12.258,3358.75,203,
Maharashtra,Buldhana,2019-20,35986.0,35186.0,31899.0,12.484,3524.76,213,318.0
Maharashtra,Buldhana,2020-21,52995.0,51653.0,,17.637,5986.11,238,581.0
Maharashtra,Buldhana,2021-22,40849.0,37885.0,36745.0,13.692,4782.07,256,397.0
Maharashtra,Buldhana,2022-23,41001.0,37804.0,34086.0,13.671,4727.43,273,426.0
Maharashtra,Buldhana,2023-24,40465.0,39086.0,34522.0,13.476,4833.2,289,
Maharashtra,Chandrapur,2014-15,,28322.0,27088.0,10.167,2175.92,162,321.0
Maharashtra,Chandrapur,2015-16,36368.0,35235.0,33664.0,12.261,2811.25,174,262.0
Maharashtra,Chandrapur,2016-17,41004.0,40166.0,35907.0,14.0,3726.89,183,297.0
Maharashtra,Chandrapur,2017-18,37978.0,,35106.0,12.874,3298.3,194,366.0
Maharashtra,Chandrapur,2018-19,43025.0,41720.0,37363.0,14.362,3871.57,203,303.0
Maharashtra,Chandrapur,2019-20,38937.0,37959.0,35578.0,13.502,4091.69,213,276.0
Maharashtra,Chandrapur,2020-21,62585.0,60110.0,56682.0,22.018,7534.97,238,748.0
Maharashtra,Chandrapur,2021-22,49617.0,47050.0,43411.0,17.128,5846.38,256,347.0
Maharashtra,Chandrapur,2022-23,43962.0,41761.0,39046.0,15.461,6057.09,273,386.0
Maharashtra,Chandrapur,2023-24,39870.0,38322.0,34816.0,14.136,5380.32,289,355.0
Maharashtra,Dhule,2014-15,24792.0,23802.0,22157.0,8.784,2090.34,162,254.0
Maharashtra,Dhule,2015-16,23614.0,23026.0,21400.0,8.296,2042.41,174,
Maharashtra,Dhule,2016-17,28674.0,27858.0,26737.0,9.894,2739.14,183,262.0
Maharashtra,Dhule,2017-18,25400.0,23927.0,22859.0,8.542,2365.38,194,170.0
Maharashtra,Dhule,2018-19,28426.0,26262.0,23773.0,9.524,2697.82,203,199.0
Maharashtra,Dhule,2019-20,30120.0,27741.0,26477.0,10.181,3252.49,213,247.0
Maharashtra,Dhule,2020-21,40961.0,38027.0,34712.0,14.022,5073.4,238,489.0
Maharashtra,Dhule,2021-22,,30992.0,29240.0,11.252,4050.56,256,325.0
Maharashtra,Dhule,2022-23,28039.0,26826.0,24002.0,9.95,3698.87,273,320.0
Maharashtra,Dhule,2023-24,31854.0,31176.0,30213.0,10.949,4293.42,289,280.0
Maharashtra,Gadchiroli,2014-15,42425.0,41274.0,37932.0,15.238,3413.8,162,313.0
Maharashtra,Gadchiroli,2015-16,46688.0,43098.0,38829.0,15.553,3649.25,174,409.0
Maharashtra,Gadchiroli,2016-17,53194.0,49251.0,44420.0,18.388,4898.3,183,530.0
Maharashtra,Gadchiroli,2017-18,51014.0,49657.0,,17.355,4588.75,194,471.0
Maharashtra,Gadchiroli,2018-19,57791.0,55119.0,52317.0,19.358,5726.9,203,514.0
Maharashtra,Gadchiroli,2019-20,55457.0,54321.0,,19.007,5622.1,213,513.0
Maharashtra,Gadchiroli,2020-21,72148.0,71009.0,66519.0,25.156,7940.04,238,597.0
Maharashtra,Gadchiroli,2021-22,64669.0,63693.0,58619.0,23.349,8078.19,256,657.0
Maharashtra,Gadchiroli,2022-23,57444.0,55675.0,52169.0,20.253,8197.32,273,578.0
Maharashtra,Gadchiroli,2023-24,64383.0,63303.0,59812.0,21.725,9285.84,289,
Maharashtra,Gondia,2014-15,19544.0,18982.0,17455.0,6.997,1502.61,162,203.0
Maharashtra,Gondia,2015-16,26938.0,25326.0,23959.0,8.913,2112.11,174,
Maharashtra,Gondia,2016-17,20086.0,19572.0,18085.0,7.241,1862.15,183,187.0
Maharashtra,Gondia,2017-18,21261.0,20741.0,18410.0,7.404,1904.77,194,234.0
Maharashtra,Gondia,2018-19,,25392.0,23196.0,9.237,2311.4,203,183.0
Maharashtra,Gondia,2019-20,28029.0,27304.0,26154.0,9.499,2751.43,213,300.0
Maharashtra,Gondia,2020-21,37071.0,35719.0,34191.0,13.123,3824.57,238,351.0
Maharashtra,Gondia,2021-22,28310.0,26840.0,25782.0,10.217,3524.11,256,225.0
Maharashtra,Gondia,2022-23,23227.0,22756.0,20637.0,8.137,2959.68,273,201.0
Maharashtra,Gondia,2023-24,28224.0,26336.0,23376.0,9.419,3502.59,289,284.0
Maharashtra,Hingoli,2014-15,29407.0,27664.0,25359.0,9.718,2075.47,162,269.0
Maharashtra,Hingoli,2015-16,24712.0,24318.0,22487.0,8.622,1976.89,174,208.0
Maharashtra,Hingoli,2016-17,26059.0,24006.0,22104.0,9.253,2396.16,183,220.0
Maharashtra,Hingoli,2017-18,30518.0,29682.0,27564.0,10.12,2644.6,194,336.0
Maharashtra,Hingoli,2018-19,27344.0,26896.0,24950.0,9.599,2798.08,203,269.0
Maharashtra,Hingoli,2019-20,33146.0,31054.0,28228.0,11.663,3283.93,213,383.0
Maharashtra,Hingoli,2020-21,47247.0,46086.0,43806.0,16.231,5318.99,238,423.0
Maharashtra,Hingoli,2021-22,41834.0,40872.0,,14.226,5261.82,256,300.0
Maharashtra,Hingoli,2022-23,35303.0,34092.0,32932.0,12.654,4806.42,273,320.0
Maharashtra,Hingoli,2023-24,37867.0,35110.0,31026.0,12.557,4860.87,289,240.0
Maharashtra,Jalgaon,2014-15,17066.0,16074.0,14218.0,5.887,1171.23,162,
Maharashtra,Jalgaon,2015-16,21067.0,19686.0,17858.0,7.149,1591.57,174,179.0
Maharashtra,Jalgaon,2016-17,18994.0,18621.0,16388.0,6.801,1618.31,183,179.0
Maharashtra,Jalgaon,2017-18,18009.0,17552.0,16774.0,6.261,1524.43,194,147.0
Maharashtra,Jalgaon,2018-19,,17389.0,15659.0,6.219,1600.59,203,210.0
Maharashtra,Jalgaon,2019-20,20623.0,20000.0,17870.0,7.15,1852.49,213,
Maharashtra,Jalgaon,2020-21,,28230.0,24921.0,10.939,3196.81,238,312.0
Maharashtra,Jalgaon,2021-22,,26609.0,25450.0,9.503,2940.28,256,308.0
Maharashtra,Jalgaon,2022-23,25714.0,25048.0,23970.0,9.164,3137.37,273,308.0
Maharashtra,Jalgaon,2023-24,21692.0,21451.0,19574.0,7.424,2908.62,289,173.0
Maharashtra,Jalna,2014-15,25423.0,23774.0,21806.0,8.703,1856.6,162,168.0
Maharashtra,Jalna,2015-16,25775.0,23747.0,21251.0,9.03,2190.31,174,271.0
Maharashtra,Jalna,2016-17,28771.0,28261.0,26380.0,10.107,2368.62,183,206.0
Maharashtra,Jalna,2017-18,24147.0,23072.0,22362.0,8.597,2097.4,194,157.0
Maharashtra,Jalna,2018-19,32183.0,29894.0,28720.0,11.033,3187.83,203,299.0
Maharashtra,Jalna,2019-20,26962.0,24900.0,23244.0,9.51,2658.77,213,278.0
Maharashtra,Jalna,2020-21,34413.0,,29811.0,12.433,4207.95,238,277.0
Maharashtra,Jalna,2021-22,32184.0,30501.0,28701.0,11.064,3948.65,256,305.0
Maharashtra,Jalna,2022-23,32275.0,30640.0,28382.0,10.68,3671.2,273,336.0
Maharashtra,Jalna,2023-24,30919.0,28649.0,27505.0,10.771,4144.82,289,318.0
Maharashtra,Kolhapur,2014-15,,15105.0,,5.371,1114.38,162,179.0
Maharashtra,Kolhapur,2015-16,14797.0,14372.0,13783.0,5.126,1069.31,174,137.0
Maharashtra,Kolhapur,2016-17,18291.0,17830.0,16604.0,6.189,1304.71,183,
Maharashtra,Kolhapur,2017-18,16589.0,15377.0,13814.0,5.58,1365.07,194,102.0
Maharashtra,Kolhapur,2018-19,20113.0,19516.0,18733.0,7.027,1713.9,203,164.0
Maharashtra,Kolhapur,2019-20,23207.0,22015.0,20565.0,7.959,2193.3,213,
Maharashtra,Kolhapur,2020-21,27369.0,25934.0,,9.562,2644.26,238,283.0
Maharashtra,Kolhapur,2021-22,19386.0,18165.0,16146.0,6.431,2079.06,256,212.0
Maharashtra,Kolhapur,2022-23,18274.0,17049.0,15804.0,6.489,2150.78,273,145.0
Maharashtra,Kolhapur,2023-24,,19474.0,18280.0,6.827,2404.49,289,
Maharashtra,Latur,2014-15,,24426.0,23422.0,8.832,2128.59,162,306.0
Maharashtra,Latur,2015-16,26016.0,24065.0,21475.0,8.632,2057.54,174,236.0
Maharashtra,Latur,2016-17,23564.0,22696.0,21080.0,7.892,1938.94,183,176.0
Maharashtra,Latur,2017-18,28870.0,27741.0,26247.0,9.664,2565.29,194,234.0
Maharashtra,Latur,2018-19,31657.0,30835.0,27708.0,10.684,3243.46,203,214.0
Maharashtra,Latur,2019-20,29981.0,28137.0,26904.0,10.748,3079.63,213,269.0
Maharashtra,Latur,2020-21,44300.0,42958.0,41094.0,15.666,5526.97,238,372.0
Maharashtra,Latur,2021-22,36608.0,34306.0,30687.0,12.942,4954.06,256,428.0
Maharashtra,Latur,2022-23,31842.0,30388.0,28190.0,10.982,4244.42,273,278.0
Maharashtra,Latur,2023-24,31573.0,31151.0,28764.0,11.292,4887.75,289,234.0
Maharashtra,Mumbai City,2014-15,997.0,934.0,824.0,0.354,61.7,162,11.0
Maharashtra,Mumbai City,2015-16,1117.0,1063.0,973.0,0.382,75.94,174,8.0
Maharashtra,Mumbai City,2016-17,871.0,846.0,780.0,0.293,57.87,183,
Maharashtra,Mumbai City,2017-18,969.0,914.0,869.0,0.349,78.28,194,10.0
Maharashtra,Mumbai City,2018-19,1159.0,1141.0,1049.0,0.411,96.76,203,7.0
Maharashtra,Mumbai City,2019-20,1077.0,995.0,916.0,0.38,87.17,213,7.0
Maharashtra,Mumbai City,2020-21,1650.0,,1475.0,0.576,160.63,238,14.0
Maharashtra,Mumbai City,2021-22,1361.0,1297.0,1252.0,0.466,132.62,256,
Maharashtra,Mumbai City,2022-23,,1274.0,1172.0,0.463,151.42,273,14.0
Maharashtra,Mumbai City,2023-24,1307.0,1262.0,1144.0,0.45,157.14,289,10.0
Maharashtra,Mumbai Suburban,2014-15,,3065.0,2895.0,1.114,212.56,162,37.0
Maharashtra,Mumbai Suburban,2015-16,3350.0,3162.0,2898.0,1.142,231.87,174,23.0
Maharashtra,Mumbai Suburban,2016-17,3321.0,3207.0,3013.0,1.13,226.98,183,26.0
Maharashtra,Mumbai Suburban,2017-18,3725.0,3651.0,3293.0,1.255,293.19,194,25.0
Maharashtra,Mumbai Suburban,2018-19,,3096.0,2912.0,1.177,297.24,203,25.0
Maharashtra,Mumbai Suburban,2019-20,3874.0,3822.0,3573.0,1.314,318.07,213,37.0
Maharashtra,Mumbai Suburban,2020-21,5639.0,5345.0,5033.0,1.867,487.96,238,46.0
Maharashtra,Mumbai Suburban,2021-22,4209.0,4003.0,3859.0,1.44,455.14,256,33.0
Maharashtra,Mumbai Suburban,2022-23,,3931.0,3577.0,1.41,436.64,273,47.0
Maharashtra,Mumbai Suburban,2023-24,,3968.0,,1.345,474.32,289,41.0
Maharashtra,Nagpur,2014-15,20091.0,18821.0,17654.0,6.968,1460.78,162,155.0
Maharashtra,Nagpur,2015-16,18650.0,17443.0,16630.0,6.496,1583.18,174,135.0
Maharashtra,Nagpur,2016-17,18286.0,17843.0,17049.0,6.413,1485.5,183,199.0
Maharashtra,Nagpur,2017-18,17570.0,17392.0,15606.0,6.131,1509.09,194,
Maharashtra,Nagpur,2018-19,25202.0,24916.0,22082.0,8.377,2152.34,203,263.0
Maharashtra,Nagpur,2019-20,22116.0,21373.0,19023.0,7.382,2194.05,213,155.0
Maharashtra,Nagpur,2020-21,28949.0,27647.0,26036.0,9.953,3226.06,238,347.0
Maharashtra,Nagpur,2021-22,25431.0,,23899.0,9.121,3034.14,256,
Maharashtra,Nagpur,2022-23,22299.0,21564.0,19662.0,8.031,3040.93,273,258.0
Maharashtra,Nagpur,2023-24,20510.0,19330.0,18313.0,7.139,2867.17,289,188.0
Maharashtra,Nanded,2014-15,,23435.0,20825.0,8.524,1799.89,162,230.0
Maharashtra,Nanded,2015-16,23729.0,21831.0,20068.0,8.545,2114.99,174,
Maharashtra,Nanded,2016-17,27433.0,25560.0,22830.0,9.207,2424.52,183,294.0
Maharashtra,Nanded,2017-18,28332.0,26249.0,24031.0,9.512,2611.88,194,212.0
Maharashtra,Nanded,2018-19,29614.0,28800.0,26548.0,10.227,2791.24,203,222.0
Maharashtra,Nanded,2019-20,30505.0,28318.0,25138.0,10.303,2869.92,213,216.0
Maharashtra,Nanded,2020-21,45477.0,44991.0,40147.0,15.857,5280.8,238,406.0
Maharashtra,Nanded,2021-22,36923.0,36490.0,34977.0,12.335,4139.28,256,268.0
Maharashtra,Nanded,2022-23,31046.0,30159.0,28077.0,10.935,4118.42,273,350.0
Maharashtra,Nanded,2023-24,34364.0,,29643.0,12.405,4901.67,289,278.0
Maharashtra,Nandurbar,2014-15,13585.0,13284.0,12360.0,4.586,1029.51,162,103.0
Maharashtra,Nandurbar,2015-16,15290.0,14670.0,13802.0,5.373,1236.67,174,
Maharashtra,Nandurbar,2016-17,14458.0,13955.0,12496.0,4.822,1310.73,183,
Maharashtra,Nandurbar,2017-18,17750.0,16403.0,14752.0,5.899,1631.08,194,125.0
Maharashtra,Nandurbar,2018-19,15292.0,14174.0,,5.424,1533.98,203,113.0
Maharashtra,Nandurbar,2019-20,18075.0,17034.0,15542.0,6.046,1700.97,213,145.0
Maharashtra,Nandurbar,2020-21,25101.0,23453.0,22513.0,8.585,3050.95,238,169.0
Maharashtra,Nandurbar,2021-22,17567.0,16923.0,15078.0,6.289,2379.31,256,
Maharashtra,Nandurbar,2022-23,20184.0,19977.0,17659.0,6.956,2637.8,273,163.0
Maharashtra,Nandurbar,2023-24,17522.0,17109.0,15318.0,6.011,2610.75,289,159.0
Maharashtra,Nashik,2014-15,17411.0,16730.0,14915.0,6.072,1198.69,162,129.0
Maharashtra,Nashik,2015-16,21189.0,20367.0,18580.0,7.084,1521.1,174,
Maharashtra,Nashik,2016-17,,19444.0,17795.0,6.563,1465.42,183,168.0
Maharashtra,Nashik,2017-18,,20793.0,19335.0,7.461,1763.92,194,178.0
Maharashtra,Nashik,2018-19,19741.0,18391.0,17380.0,7.081,1768.87,203,153.0
Maharashtra,Nashik,2019-20,21390.0,20064.0,19149.0,7.222,2037.84,213,203.0
Maharashtra,Nashik,2020-21,,29364.0,26877.0,10.723,3379.33,238,298.0
Maharashtra,Nashik,2021-22,23667.0,22900.0,21311.0,8.534,2549.84,256,261.0
Maharashtra,Nashik,2022-23,,,16075.0,6.623,2350.91,273,156.0
Maharashtra,Nashik,2023-24,21905.0,21019.0,19008.0,7.656,2634.15,289,238.0
Maharashtra,Osmanabad,2014-15,22477.0,22197.0,21458.0,7.739,1907.56,162,163.0
Maharashtra,Osmanabad,2015-16,26886.0,25439.0,22617.0,8.979,2362.91,174,235.0
Maharashtra,Osmanabad,2016-17,,28125.0,25825.0,9.671,2518.22,183,242.0
Maharashtra,Osmanabad,2017-18,27717.0,27124.0,24563.0,9.325,2549.9,194,306.0
Maharashtra,Osmanabad,2018-19,30590.0,29135.0,27448.0,10.548,2957.01,203,309.0
Maharashtra,Osmanabad,2019-20,32822.0,30288.0,27912.0,11.218,3473.58,213,242.0
Maharashtra,Osmanabad,2020-21,43261.0,40842.0,36296.0,15.381,5637.41,238,382.0
Maharashtra,Osmanabad,2021-22,39889.0,36923.0,34657.0,13.21,5156.05,256,380.0
Maharashtra,Osmanabad,2022-23,31966.0,29489.0,27369.0,11.113,4700.53,273,381.0
Maharashtra,Osmanabad,2023-24,34857.0,32804.0,31533.0,11.82,4635.57,289,400.0
Maharashtra,Palghar,2014-15,12961.0,11978.0,11440.0,4.639,953.69,162,125.0
Maharashtra,Palghar,2015-16,15169.0,14377.0,13227.0,5.208,1134.42,174,179.0
Maharashtra,Palghar,2016-17,16464.0,15476.0,14962.0,5.853,1347.03,183,191.0
Maharashtra,Palghar,2017-18,18136.0,,17131.0,6.083,1671.11,194,122.0
Maharashtra,Palghar,2018-19,17885.0,17134.0,16464.0,6.153,1775.45,203,184.0
Maharashtra,Palghar,2019-20,14519.0,13750.0,12547.0,5.036,1408.4,213,98.0
Maharashtra,Palghar,2020-21,23860.0,22696.0,21873.0,8.038,2590.89,238,149.0
Maharashtra,Palghar,2021-22,20941.0,20696.0,18619.0,7.433,2542.71,256,252.0
Maharashtra,Palghar,2022-23,16807.0,15520.0,13872.0,5.949,2032.94,273,126.0
Maharashtra,Palghar,2023-24,20407.0,19541.0,18297.0,6.795,2509.09,289,214.0
Maharashtra,Parbhani,2014-15,27917.0,27537.0,25094.0,9.335,1980.06,162,
Maharashtra,Parbhani,2015-16,27547.0,26072.0,24751.0,9.146,2222.76,174,193.0
Maharashtra,Parbhani,2016-17,28168.0,,,9.597,2346.63,183,290.0
Maharashtra,Parbhani,2017-18,28579.0,26668.0,23725.0,9.496,2557.79,194,254.0
Maharashtra,Parbhani,2018-19,27181.0,26899.0,24848.0,9.445,2654.6,203,237.0
Maharashtra,Parbhani,2019-20,29854.0,27942.0,26192.0,10.227,2835.17,213,354.0
Maharashtra,Parbhani,2020-21,45698.0,43563.0,,15.237,5263.96,238,442.0
Maharashtra,Parbhani,2021-22,,30750.0,29429.0,11.085,4013.51,256,265.0
Maharashtra,Parbhani,2022-23,31491.0,31089.0,28396.0,10.711,4018.8,273,340.0
Maharashtra,Parbhani,2023-24,30424.0,28969.0,26054.0,10.289,4271.63,289,208.0
Maharashtra,Pune,2014-15,11276.0,10963.0,10530.0,3.851,727.74,162,76.0
Maharashtra,Pune,2015-16,9517.0,8887.0,8053.0,3.394,714.53,174,
Maharashtra,Pune,2016-17,11660.0,10870.0,,3.953,868.98,183,81.0
Maharashtra,Pune,2017-18,11490.0,10673.0,9920.0,4.04,971.38,194,77.0
Maharashtra,Pune,2018-19,11506.0,11187.0,10665.0,3.875,940.98,203,123.0
Maharashtra,Pune,2019-20,,11237.0,10361.0,4.217,1065.89,213,93.0
Maharashtra,Pune,2020-21,17278.0,16225.0,14469.0,6.072,1726.1,238,140.0
Maharashtra,Pune,2021-22,12248.0,11922.0,11489.0,4.335,1336.76,256,125.0
Maharashtra,Pune,2022-23,12087.0,11639.0,11174.0,3.994,1388.97,273,125.0
Maharashtra,Pune,2023-24,13584.0,12512.0,,4.879,1697.33,289,121.0
Maharashtra,Raigad,2014-15,12123.0,,10555.0,4.168,832.43,162,131.0
Maharashtra,Raigad,2015-16,11524.0,11306.0,10854.0,3.81,827.78,174,94.0
Maharashtra,Raigad,2016-17,12811.0,12628.0,11504.0,4.384,1036.66,183,100.0
Maharashtra,Raigad,2017-18,13189.0,12187.0,11765.0,4.686,1149.71,194,150.0
Maharashtra,Raigad,2018-19,12911.0,12036.0,11471.0,4.589,1154.94,203,153.0
Maharashtra,Raigad,2019-20,14970.0,14625.0,,5.089,1346.24,213,175.0
Maharashtra,Raigad,2020-21,20246.0,19239.0,,7.039,2230.71,238,219.0
Maharashtra,Raigad,2021-22,17166.0,16048.0,14128.0,5.755,1907.57,256,200.0
Maharashtra,Raigad,2022-23,15238.0,14572.0,13885.0,5.408,1783.83,273,133.0
Maharashtra,Raigad,2023-24,13148.0,12269.0,11012.0,4.596,1681.36,289,120.0
Maharashtra,Ratnagiri,2014-15,12354.0,11962.0,11584.0,4.214,853.39,162,104.0
Maharashtra,Ratnagiri,2015-16,14231.0,,13099.0,5.033,1046.05,174,130.0
Maharashtra,Ratnagiri,2016-17,12812.0,12203.0,11056.0,4.556,1099.22,183,152.0
Maharashtra,Ratnagiri,2017-18,14405.0,13529.0,12215.0,5.085,1184.83,194,173.0
Maharashtra,Ratnagiri,2018-19,16100.0,15766.0,14440.0,5.705,1370.53,203,118.0
Maharashtra,Ratnagiri,2019-20,,16079.0,15477.0,5.794,1638.89,213,187.0
Maharashtra,Ratnagiri,2020-21,24607.0,24132.0,21900.0,8.863,2714.53,238,274.0
Maharashtra,Ratnagiri,2021-22,19569.0,19289.0,,6.592,2118.61,256,216.0
Maharashtra,Ratnagiri,2022-23,17647.0,17248.0,16341.0,5.964,1999.66,273,119.0
Maharashtra,Ratnagiri,2023-24,15402.0,,13719.0,5.32,1917.45,289,
Maharashtra,Sangli,2014-15,15071.0,14642.0,13778.0,5.329,1082.63,162,
Maharashtra,Sangli,2015-16,18123.0,17588.0,16930.0,6.009,1395.57,174,144.0
Maharashtra,Sangli,2016-17,17145.0,,15065.0,5.937,1341.43,183,195.0
Maharashtra,Sangli,2017-18,18704.0,,17144.0,6.297,1608.98,194,145.0
Maharashtra,Sangli,2018-19,18241.0,17555.0,,6.397,1698.01,203,117.0
Maharashtra,Sangli,2019-20,18021.0,17290.0,15986.0,6.108,1525.0,213,146.0
Maharashtra,Sangli,2020-21,25135.0,23821.0,22988.0,9.07,2528.62,238,278.0
Maharashtra,Sangli,2021-22,23077.0,22436.0,,7.715,2370.69,256,208.0
Maharashtra,Sangli,2022-23,19559.0,18310.0,16157.0,6.917,2511.9,273,207.0
Maharashtra,Sangli,2023-24,20977.0,20079.0,18529.0,7.089,2542.98,289,204.0
Maharashtra,Satara,2014-15,18564.0,18133.0,16527.0,6.195,1252.57,162,126.0
Maharashtra,Satara,2015-16,17062.0,,15284.0,5.686,1164.89,174,122.0
Maharashtra,Satara,2016-17,18765.0,17357.0,16820.0,6.715,1426.55,183,135.0
Maharashtra,Satara,2017-18,17596.0,17142.0,,6.035,1522.68,194,174.0
Maharashtra,Satara,2018-19,19763.0,18800.0,17129.0,6.698,1671.02,203,139.0
Maharashtra,Satara,2019-20,19058.0,17738.0,16002.0,6.73,1854.57,213,158.0
Maharashtra,Satara,2020-21,30851.0,28550.0,27089.0,10.323,2951.58,238,223.0
Maharashtra,Satara,2021-22,23172.0,21796.0,20296.0,7.718,2367.38,256,211.0
Maharashtra,Satara,2022-23,24487.0,23596.0,21051.0,8.375,2899.28,273,246.0
Maharashtra,Satara,2023-24,19534.0,18582.0,17036.0,7.02,2359.77,289,152.0
Maharashtra,Sindhudurg,2014-15,12001.0,11240.0,,4.057,826.71,162,125.0
Maharashtra,Sindhudurg,2015-16,12081.0,11638.0,11213.0,4.174,906.76,174,112.0
Maharashtra,Sindhudurg,2016-17,12786.0,11827.0,10956.0,4.324,986.49,183,145.0
Maharashtra,Sindhudurg,2017-18,14657.0,14471.0,13321.0,5.078,1176.46,194,110.0
Maharashtra,Sindhudurg,2018-19,,11836.0,11235.0,4.508,1181.29,203,83.0
Maharashtra,Sindhudurg,2019-20,14670.0,14462.0,12944.0,5.232,1417.8,213,123.0
Maharashtra,Sindhudurg,2020-21,20783.0,20225.0,18217.0,7.237,2275.45,238,191.0
Maharashtra,Sindhudurg,2021-22,18329.0,18144.0,16332.0,6.137,1905.25,256,136.0
Maharashtra,Sindhudurg,2022-23,16556.0,,15876.0,5.677,1944.48,273,163.0
Maharashtra,Sindhudurg,2023-24,14126.0,13197.0,12241.0,4.695,1775.24,289,108.0
Maharashtra,Solapur,2014-15,21518.0,21280.0,20461.0,7.119,1580.98,162,160.0
Maharashtra,Solapur,2015-16,19053.0,18276.0,16914.0,6.554,1529.21,174,163.0
Maharashtra,Solapur,2016-17,22864.0,21564.0,19223.0,8.02,1846.99,183,260.0
Maharashtra,Solapur,2017-18,19244.0,18727.0,17413.0,6.817,1623.39,194,159.0
Maharashtra,Solapur,2018-19,22150.0,20804.0,18429.0,7.545,1889.79,203,210.0
Maharashtra,Solapur,2019-20,24480.0,22787.0,,8.197,2279.55,213,209.0
Maharashtra,Solapur,2020-21,37440.0,,,12.588,3764.55,238,420.0
Maharashtra,Solapur,2021-22,25879.0,24176.0,22710.0,9.234,3208.28,256,260.0
Maharashtra,Solapur,2022-23,23268.0,21895.0,20208.0,8.042,2832.19,273,175.0
Maharashtra,Solapur,2023-24,25602.0,24828.0,21889.0,8.965,3380.0,289,259.0
Maharashtra,Thane,2014-15,8171.0,7980.0,7533.0,2.754,520.08,162,71.0
Maharashtra,Thane,2015-16,,7566.0,6810.0,2.899,618.88,174,72.0
Maharashtra,Thane,2016-17,9293.0,9151.0,8218.0,3.119,746.94,183,57.0
Maharashtra,Thane,2017-18,10454.0,9626.0,9131.0,3.469,885.56,194,115.0
Maharashtra,Thane,2018-19,9621.0,8903.0,8515.0,3.309,842.46,203,94.0
Maharashtra,Thane,2019-20,10245.0,9535.0,9025.0,3.517,869.7,213,106.0
Maharashtra,Thane,2020-21,12682.0,12120.0,,4.392,1375.43,238,133.0
Maharashtra,Thane,2021-22,12513.0,11704.0,10788.0,4.455,1495.13,256,135.0
Maharashtra,Thane,2022-23,10421.0,9863.0,9435.0,3.486,1132.47,273,
Maharashtra,Thane,2023-24,,9439.0,9145.0,3.443,1168.25,289,67.0
Maharashtra,Wardha,2014-15,19065.0,17634.0,16272.0,6.684,1456.11,162,152.0
Maharashtra,Wardha,2015-16,19529.0,18677.0,17852.0,6.541,1467.03,174,223.0
Maharashtra,Wardha,2016-17,20904.0,20526.0,18966.0,7.483,1689.19,183,154.0
Maharashtra,Wardha,2017-18,20760.0,19515.0,17418.0,7.48,1868.94,194,187.0
Maharashtra,Wardha,2018-19,,21355.0,19973.0,8.163,2114.01,203,237.0
Maharashtra,Wardha,2019-20,20917.0,19607.0,18059.0,7.56,2060.28,213,240.0
Maharashtra,Wardha,2020-21,35010.0,33663.0,29689.0,12.061,3735.89,238,287.0
Maharashtra,Wardha,2021-22,26215.0,25554.0,24654.0,9.398,2915.51,256,265.0
Maharashtra,Wardha,2022-23,26071.0,,23818.0,9.186,3452.59,273,318.0
Maharashtra,Wardha,2023-24,25001.0,23958.0,21399.0,8.68,3183.3,289,301.0
Maharashtra,Washim,2014-15,29448.0,28829.0,26209.0,10.217,2260.96,162,353.0
Maharashtra,Washim,2015-16,31870.0,,28407.0,11.392,2626.37,174,302.0
Maharashtra,Washim,2016-17,30521.0,30066.0,27817.0,10.617,2837.2,183,237.0
Maharashtra,Washim,2017-18,34194.0,32531.0,29445.0,11.439,3191.2,194,
Maharashtra,Washim,2018-19,35320.0,32955.0,29894.0,11.695,3038.68,203,288.0
Maharashtra,Washim,2019-20,39307.0,36661.0,34488.0,13.36,3769.2,213,321.0
Maharashtra,Washim,2020-21,54181.0,51615.0,47099.0,18.356,6279.87,238,508.0
Maharashtra,Washim,2021-22,45078.0,42552.0,37595.0,15.026,5265.44,256,302.0
Maharashtra,Washim,2022-23,47274.0,,41843.0,15.972,6338.56,273,452.0
Maharashtra,Washim,2023-24,36935.0,36547.0,33284.0,12.517,4721.34,289,335.0
Maharashtra,Yavatmal,2014-15,36921.0,35551.0,31330.0,13.139,3048.71,162,295.0
Maharashtra,Yavatmal,2015-16,38746.0,36297.0,32836.0,13.879,3050.08,174,315.0
Maharashtra,Yavatmal,2016-17,37867.0,35858.0,32649.0,13.227,3192.28,183,258.0
Maharashtra,Yavatmal,2017-18,43418.0,42244.0,40941.0,15.417,4284.15,194,409.0
Maharashtra,Yavatmal,2018-19,43492.0,42368.0,40199.0,15.282,4394.4,203,
Maharashtra,Yavatmal,2019-20,52007.0,,46097.0,17.541,5352.32,213,343.0
Maharashtra,Yavatmal,2020-21,75288.0,69756.0,65505.0,25.385,7632.02,238,789.0
Maharashtra,Yavatmal,2021-22,53409.0,52339.0,46519.0,18.28,6125.64,256,457.0
Maharashtra,Yavatmal,2022-23,51813.0,48629.0,44512.0,17.984,6565.02,273,592.0
Maharashtra,Yavatmal,2023-24,51549.0,48962.0,44531.0,17.192,6716.71,289,431.0
